Name,Link
"Zabaglia, Niccola",http://web.archive.org/web/20121007172955/https://www.nga.gov/cgi-bin/tsearch?artistid=11630
"Zaccone, Fabian",http://web.archive.org/web/20121007172955/https://www.nga.gov/cgi-bin/tsearch?artistid=34202
"Zadkine, Ossip",http://web.archive.org/web/20121007172955/https://www.nga.gov/cgi-bin/tsearch?artistid=3475
"Zaech, Bernhard",http://web.archive.org/web/20121007172955/https://www.nga.gov/cgi-bin/tsearch?artistid=25135
"Zagar, Jacob",http://web.archive.org/web/20121007172955/https://www.nga.gov/cgi-bin/tsearch?artistid=2298
"Zagroba, Idalia",http://web.archive.org/web/20121007172955/https://www.nga.gov/cgi-bin/tsearch?artistid=23988
"Zaidenberg, A.",http://web.archive.org/web/20121007172955/https://www.nga.gov/cgi-bin/tsearch?artistid=8232
"Zaidenberg, Arthur",http://web.archive.org/web/20121007172955/https://www.nga.gov/cgi-bin/tsearch?artistid=34154
"Zaisinger, Matthäus",http://web.archive.org/web/20121007172955/https://www.nga.gov/cgi-bin/tsearch?artistid=4910
"Zajac, Jack",http://web.archive.org/web/20121007172955/https://www.nga.gov/cgi-bin/tsearch?artistid=3450
"Zak, Eugène",http://web.archive.org/web/20121007172955/https://www.nga.gov/cgi-bin/tsearch?artistid=1986
"Zakharov, Gurii Fillipovich",http://web.archive.org/web/20121007172955/https://www.nga.gov/cgi-bin/tsearch?artistid=3451
"Zakowortny, Igor",http://web.archive.org/web/20121007172955/https://www.nga.gov/cgi-bin/tsearch?artistid=20099
"Zalce, Alfredo",http://web.archive.org/web/20121007172955/https://www.nga.gov/cgi-bin/tsearch?artistid=3452
"Zalopany, Michele",http://web.archive.org/web/20121007172955/https://www.nga.gov/cgi-bin/tsearch?artistid=34309
"Zammiello, Craig",http://web.archive.org/web/20121007172955/https://www.nga.gov/cgi-bin/tsearch?artistid=27191
"Zammitt, Norman",http://web.archive.org/web/20121007172955/https://www.nga.gov/cgi-bin/tsearch?artistid=5846
"Zampieri, Domenico",http://web.archive.org/web/20121007172955/https://www.nga.gov/cgi-bin/tsearch?artistid=3941
"Zampieri, called Domenichino, Domenico",http://web.archive.org/web/20121007172955/https://www.nga.gov/cgi-bin/tsearch?artistid=3941
"Zanartú, Enrique Antunez",http://web.archive.org/web/20121007172955/https://www.nga.gov/cgi-bin/tsearch?artistid=3453
"Zanchi, Antonio",http://web.archive.org/web/20121007172955/https://www.nga.gov/cgi-bin/tsearch?artistid=35173
"Zanetti, Anton Maria",http://web.archive.org/web/20121007172955/https://www.nga.gov/cgi-bin/tsearch?artistid=11133
"Zanetti Borzino, Leopoldina",http://web.archive.org/web/20121007172955/https://www.nga.gov/cgi-bin/tsearch?artistid=3455
"Zanetti I, Antonio Maria, conte",http://web.archive.org/web/20121007172955/https://www.nga.gov/cgi-bin/tsearch?artistid=3454
"Zanguidi, Jacopo",http://web.archive.org/web/20121007172955/https://www.nga.gov/cgi-bin/tsearch?artistid=961
"Zanini, Giuseppe",http://web.archive.org/web/20121007172955/https://www.nga.gov/cgi-bin/tsearch?artistid=11597
"Zanini-Viola, Giuseppe",http://web.archive.org/web/20121007172955/https://www.nga.gov/cgi-bin/tsearch?artistid=11597
"Zanotti, Giampietro",http://web.archive.org/web/20121007172955/https://www.nga.gov/cgi-bin/tsearch?artistid=11631
Zao Wou-Ki,http://web.archive.org/web/20121007172955/https://www.nga.gov/cgi-bin/tsearch?artistid=3427
