Name,Nationality,Years,Link
"Aachen, Hans von",German,1552 - 1615,https://web.archive.org/web/20121007173107/http://www.nga.gov/cgi-bin/tsearch?artistid=5566
"Abakanowicz, Magdalena",Polish,born 1930,https://web.archive.org/web/20121007173107/http://www.nga.gov/cgi-bin/tsearch?artistid=10278
"Abate, Niccolò dell'",Italian,1509 or 1512 - 1571,https://web.archive.org/web/20121007173107/http://www.nga.gov/cgi-bin/tsearch?artistid=3474
"Abbate, Niccolò dell'",Italian,1509 or 1512 - 1571,https://web.archive.org/web/20121007173107/http://www.nga.gov/cgi-bin/tsearch?artistid=3474
"Abbati, Pietro Giovanni",Italian,active 1700/1710,https://web.archive.org/web/20121007173107/http://www.nga.gov/cgi-bin/tsearch?artistid=21155
"Abbatini, Guido Ubaldo",Italian,c. 1600 - 1656,https://web.archive.org/web/20121007173107/http://www.nga.gov/cgi-bin/tsearch?artistid=19745
"Abbe, Elfriede Martha",American,born 1919,https://web.archive.org/web/20121007173107/http://www.nga.gov/cgi-bin/tsearch?artistid=2855
"Abbé, Salomon van",British,1883 - 1955,https://web.archive.org/web/20121007173107/http://www.nga.gov/cgi-bin/tsearch?artistid=2856
"Abbe, William Parker",American,1916 - 1983,https://web.archive.org/web/20121007173107/http://www.nga.gov/cgi-bin/tsearch?artistid=33127
"Abbey, Edwin Austin",American,1852 - 1911,https://web.archive.org/web/20121007173107/http://www.nga.gov/cgi-bin/tsearch?artistid=2337
"Abbiati, Giuseppe",Italian,active 1730s,https://web.archive.org/web/20121007173107/http://www.nga.gov/cgi-bin/tsearch?artistid=14725
"Abbott, Berenice",American,1898 - 1991,https://web.archive.org/web/20121007173107/http://www.nga.gov/cgi-bin/tsearch?artistid=13553
"Abbott, John White",British,1763 - 1851,https://web.archive.org/web/20121007173107/http://www.nga.gov/cgi-bin/tsearch?artistid=10979
"Abbott, Lemuel Francis",British,c. 1755/1761 - 1802,https://web.archive.org/web/20121007173107/http://www.nga.gov/cgi-bin/tsearch?artistid=22
"Abe, Nobuya",Japanese,born 1913,https://web.archive.org/web/20121007173107/http://www.nga.gov/cgi-bin/tsearch?artistid=2857
"Abel, Mike",American,1904 - 1946,https://web.archive.org/web/20121007173107/http://www.nga.gov/cgi-bin/tsearch?artistid=34210
"Abel, Myer",American,1904 - 1946,https://web.archive.org/web/20121007173107/http://www.nga.gov/cgi-bin/tsearch?artistid=34210
"Abelman, Ida York",American,born 1910,https://web.archive.org/web/20121007173107/http://www.nga.gov/cgi-bin/tsearch?artistid=33106
"Abels, Jacobus Theodorus",Dutch,1803 - 1866,https://web.archive.org/web/20121007173107/http://www.nga.gov/cgi-bin/tsearch?artistid=2338
Abel-Truchet,French,1857 - 1919,https://web.archive.org/web/20121007173107/http://www.nga.gov/cgi-bin/tsearch?artistid=17830
"Aberdeen, Harry G.",American,active c. 1935,https://web.archive.org/web/20121007173107/http://www.nga.gov/cgi-bin/tsearch?artistid=7194
"Abondio, Antonio",Italian,1538 - 1591,https://web.archive.org/web/20121007173107/http://www.nga.gov/cgi-bin/tsearch?artistid=2006
"Abraham, Tancrède",French,1836 - 1895,https://web.archive.org/web/20121007173107/http://www.nga.gov/cgi-bin/tsearch?artistid=2858
"Abrahami, Elie",Iranian,born 1941,https://web.archive.org/web/20121007173107/http://www.nga.gov/cgi-bin/tsearch?artistid=12430
"Abramovitz, Albert",Russian,1879 - 1963,https://web.archive.org/web/20121007173107/http://www.nga.gov/cgi-bin/tsearch?artistid=33107
"Abramowitz, Ben",American,1917 - 2011,https://web.archive.org/web/20121007173107/http://www.nga.gov/cgi-bin/tsearch?artistid=34328
"Abramowitz, Benjamin",American,1917 - 2011,https://web.archive.org/web/20121007173107/http://www.nga.gov/cgi-bin/tsearch?artistid=34328
"Abrams, Ross",American,born 1920,https://web.archive.org/web/20121007173107/http://www.nga.gov/cgi-bin/tsearch?artistid=2859
"Babbitt, Platt D.",American,died 1879,https://web.archive.org/web/20121007172915/http://www.nga.gov/cgi-bin/tsearch?artistid=32727
"Babcock, William Perkins",American,1826 - 1899,https://web.archive.org/web/20121007172915/http://www.nga.gov/cgi-bin/tsearch?artistid=28284
"Babel, Pierre-Edme",French,probably 1720 - 1775,https://web.archive.org/web/20121007172915/http://www.nga.gov/cgi-bin/tsearch?artistid=12023
"Baburen, Dirck van",Dutch,c. 1595 - 1624,https://web.archive.org/web/20121007172915/http://www.nga.gov/cgi-bin/tsearch?artistid=22774
"Bac, Ferdinand",French,1859 - 1952,https://web.archive.org/web/20121007172915/http://www.nga.gov/cgi-bin/tsearch?artistid=19361
Bacchiacca,Italian,1494 - 1557,https://web.archive.org/web/20121007172915/http://www.nga.gov/cgi-bin/tsearch?artistid=131
"Bach, Ferdinand Sigismond",French,1859 - 1952,https://web.archive.org/web/20121007172915/http://www.nga.gov/cgi-bin/tsearch?artistid=19361
"Bach, Julie",active second half 20th century,,https://web.archive.org/web/20121007172915/http://www.nga.gov/cgi-bin/tsearch?artistid=25979
"Bacharach, Herman Ilfeld",American,1899 - 1976,https://web.archive.org/web/20121007172915/http://www.nga.gov/cgi-bin/tsearch?artistid=34211
"Bachelard, Gaston",French,1884 - 1962,https://web.archive.org/web/20121007172915/http://www.nga.gov/cgi-bin/tsearch?artistid=28722
"Bacher, Frank K.",American,20th century,https://web.archive.org/web/20121007172915/http://www.nga.gov/cgi-bin/tsearch?artistid=21905
"Bacher, Otto Henry",American,1856 - 1909,https://web.archive.org/web/20121007172915/http://www.nga.gov/cgi-bin/tsearch?artistid=6440
Bachiacca,Italian,1494 - 1557,https://web.archive.org/web/20121007172915/http://www.nga.gov/cgi-bin/tsearch?artistid=131
Baciccia,Italian,1639 - 1709,https://web.archive.org/web/20121007172915/http://www.nga.gov/cgi-bin/tsearch?artistid=5671
Baciccio,Italian,1639 - 1709,https://web.archive.org/web/20121007172915/http://www.nga.gov/cgi-bin/tsearch?artistid=5671
"Backhuysen, Ludolf",Dutch,1631 - 1708,https://web.archive.org/web/20121007172915/http://www.nga.gov/cgi-bin/tsearch?artistid=5957
"Bacler d'Albe, Louis-Albert-Guillain, baron",French,1761 - 1824,https://web.archive.org/web/20121007172915/http://www.nga.gov/cgi-bin/tsearch?artistid=2951
"Bacon, Francis",British,1909 - 1992,https://web.archive.org/web/20121007172915/http://www.nga.gov/cgi-bin/tsearch?artistid=132
"Bacon, Peggy",American,1895 - 1987,https://web.archive.org/web/20121007172915/http://www.nga.gov/cgi-bin/tsearch?artistid=2952
"Badalocchio, Sisto",Italian,1585 - 1647,https://web.archive.org/web/20121007172915/http://www.nga.gov/cgi-bin/tsearch?artistid=22775
"Baden, Aiko",NA,NA,https://web.archive.org/web/20121007172915/http://www.nga.gov/cgi-bin/tsearch?artistid=19608
"Baden, Ken",NA,NA,https://web.archive.org/web/20121007172915/http://www.nga.gov/cgi-bin/tsearch?artistid=19607
"Baden, Stanley",active late 20th century,,https://web.archive.org/web/20121007172915/http://www.nga.gov/cgi-bin/tsearch?artistid=25703
"Bader, Herman",American,active c. 1935,https://web.archive.org/web/20121007172915/http://www.nga.gov/cgi-bin/tsearch?artistid=7222
"Badger, Frances S.",American,1904 - 1997,https://web.archive.org/web/20121007172915/http://www.nga.gov/cgi-bin/tsearch?artistid=33143
"Badger, Joseph",American,1708 - 1765,https://web.archive.org/web/20121007172915/http://www.nga.gov/cgi-bin/tsearch?artistid=133
"Badii, Libero",Argentinean,born 1916,https://web.archive.org/web/20121007172915/http://www.nga.gov/cgi-bin/tsearch?artistid=6579
"Badin, Ferdinand",American,active c. 1935,https://web.archive.org/web/20121007172915/http://www.nga.gov/cgi-bin/tsearch?artistid=7223
"Cabouret, F.",French,active 17th century,https://web.archive.org/web/20121007173015/http://www.nga.gov/cgi-bin/tsearch?artistid=6072
"Cacciarini, Gianni",Italian,born 1941,https://web.archive.org/web/20121007173015/http://www.nga.gov/cgi-bin/tsearch?artistid=3654
"Caccini, Giovanni Battista",Italian,1556 - 1612/1613,https://web.archive.org/web/20121007173015/http://www.nga.gov/cgi-bin/tsearch?artistid=5771
"Cadart, Alfred",French,1828 - 1875,https://web.archive.org/web/20121007173015/http://www.nga.gov/cgi-bin/tsearch?artistid=3655
"Cadere, André",Romanian,1934 - 1978,https://web.archive.org/web/20121007173015/http://www.nga.gov/cgi-bin/tsearch?artistid=10145
"Cades, Giuseppe",Italian,1750 - 1799,https://web.archive.org/web/20121007173015/http://www.nga.gov/cgi-bin/tsearch?artistid=6819
"Cadmus, Paul",American,1904 - 1999,https://web.archive.org/web/20121007173015/http://www.nga.gov/cgi-bin/tsearch?artistid=3656
"Cady, Harrison",American,1877 - 1970,https://web.archive.org/web/20121007173015/http://www.nga.gov/cgi-bin/tsearch?artistid=33262
"Caffi, Ippolito",Italian,1809 - 1866,https://web.archive.org/web/20121007173015/http://www.nga.gov/cgi-bin/tsearch?artistid=34366
"Caffiéri, Jacques",French,1678 - 1755,https://web.archive.org/web/20121007173015/http://www.nga.gov/cgi-bin/tsearch?artistid=5507
"Cage, John",American,1912 - 1992,https://web.archive.org/web/20121007173015/http://www.nga.gov/cgi-bin/tsearch?artistid=6936
"Cagnacci, Guido",Italian,1601 - 1663,https://web.archive.org/web/20121007173015/http://www.nga.gov/cgi-bin/tsearch?artistid=22797
"Cagnola, Luigi",Italian,1762 - 1833,https://web.archive.org/web/20121007173015/http://www.nga.gov/cgi-bin/tsearch?artistid=34761
"Cahn, Marcelle",French,1895 - 1981,https://web.archive.org/web/20121007173015/http://www.nga.gov/cgi-bin/tsearch?artistid=3657
"Caillebotte, Gustave",French,1848 - 1894,https://web.archive.org/web/20121007173015/http://www.nga.gov/cgi-bin/tsearch?artistid=5987
"Caillou, Jean",Swiss,1859 - 1923,https://web.archive.org/web/20121007173015/http://www.nga.gov/cgi-bin/tsearch?artistid=1902
"Cain, Auguste-Nicolas",French,1821 - 1894,https://web.archive.org/web/20121007173015/http://www.nga.gov/cgi-bin/tsearch?artistid=2046
"Cain, Charles William",British,1893 - 1962,https://web.archive.org/web/20121007173015/http://www.nga.gov/cgi-bin/tsearch?artistid=3658
"Cain, Fred",American,born 1938,https://web.archive.org/web/20121007173015/http://www.nga.gov/cgi-bin/tsearch?artistid=3659
"Cain, J. Frederick Jr.",American,born 1938,https://web.archive.org/web/20121007173015/http://www.nga.gov/cgi-bin/tsearch?artistid=3659
"Cairano, Gasparo",Italian,active 1489/1513 - died by 1519,https://web.archive.org/web/20121007173015/http://www.nga.gov/cgi-bin/tsearch?artistid=30346
"Caithness, Earl of",British,1821 - 1881,https://web.archive.org/web/20121007173015/http://www.nga.gov/cgi-bin/tsearch?artistid=16464
"Calabrese, il",Italian,c. 1486 - 1542,https://web.archive.org/web/20121007173015/http://www.nga.gov/cgi-bin/tsearch?artistid=3688
"Calame, Alexandre",Swiss,1810 - 1864,https://web.archive.org/web/20121007173015/http://www.nga.gov/cgi-bin/tsearch?artistid=21261
"Calapai, Letterio",American,1902 - 1993,https://web.archive.org/web/20121007173015/http://www.nga.gov/cgi-bin/tsearch?artistid=3660
"Calas, Nicolas",American,born 1907,https://web.archive.org/web/20121007173015/http://www.nga.gov/cgi-bin/tsearch?artistid=10414
"Calcagno, Lawrence",American,1913 - 1993,https://web.archive.org/web/20121007173015/http://www.nga.gov/cgi-bin/tsearch?artistid=1073
"Caldara, Polidoro",Italian,c. 1499 - probably 1543,https://web.archive.org/web/20121007173015/http://www.nga.gov/cgi-bin/tsearch?artistid=2688
"da Caravaggio, Polidoro",Italian,c. 1499 - probably 1543,https://web.archive.org/web/20121007173048/http://www.nga.gov/cgi-bin/tsearch?artistid=2688
"da Carpi, Ugo",Italian,c. 1480 - 1532,https://web.archive.org/web/20121007173048/http://www.nga.gov/cgi-bin/tsearch?artistid=3694
"da Cavino, Giovanni",Italian,1500 - 1570,https://web.archive.org/web/20121007173048/http://www.nga.gov/cgi-bin/tsearch?artistid=2062
"da Ferrara, Costanzo",Italian,c. 1450 - died after 1524,https://web.archive.org/web/20121007173048/http://www.nga.gov/cgi-bin/tsearch?artistid=2071
"da Maiano, Benedetto",Italian,1442 - 1497,https://web.archive.org/web/20121007173048/http://www.nga.gov/cgi-bin/tsearch?artistid=2021
"da Milano, Amadio",Italian,died c. 1483,https://web.archive.org/web/20121007173048/http://www.nga.gov/cgi-bin/tsearch?artistid=2003
"da Sangallo, Francesco",Italian,1494 - 1576,https://web.archive.org/web/20121007173048/http://www.nga.gov/cgi-bin/tsearch?artistid=2113
"da Settignano, Desiderio",Italian,c. 1429 - 1464,https://web.archive.org/web/20121007173048/http://www.nga.gov/cgi-bin/tsearch?artistid=2083
"da Siena, Matteo",Italian,c. 1430 - 1497,https://web.archive.org/web/20121007173048/http://www.nga.gov/cgi-bin/tsearch?artistid=1708
"da Trento, Antonio",Italian,c. 1508 - 1550 or after,https://web.archive.org/web/20121007173048/http://www.nga.gov/cgi-bin/tsearch?artistid=2909
"da Urbino, Clemente",Italian,active 1468,https://web.archive.org/web/20121007173048/http://www.nga.gov/cgi-bin/tsearch?artistid=2066
"da Vinci, Leonardo",Italian,1452 - 1519,https://web.archive.org/web/20121007173048/http://www.nga.gov/cgi-bin/tsearch?artistid=1479
"Dadante, Michael",American,active c. 1935,https://web.archive.org/web/20121007173048/http://www.nga.gov/cgi-bin/tsearch?artistid=7412
"Daddi, Bernardo",Italian,active 1312 - probably 1348,https://web.archive.org/web/20121007173048/http://www.nga.gov/cgi-bin/tsearch?artistid=1204
"Dadler, Sebastian",German,1586 - 1657,https://web.archive.org/web/20121007173048/http://www.nga.gov/cgi-bin/tsearch?artistid=9900
"Dadley, J.",British,active 1797,https://web.archive.org/web/20121007173048/http://www.nga.gov/cgi-bin/tsearch?artistid=6194
"Daeda, Orison",American,active c. 1935,https://web.archive.org/web/20121007173048/http://www.nga.gov/cgi-bin/tsearch?artistid=7413
"Dael, Cornelis van",Netherlandish,1721 - 1766,https://web.archive.org/web/20121007173048/http://www.nga.gov/cgi-bin/tsearch?artistid=11726
"Dagoty, Jacques-Fabien Gautier",French,1716 - 1785,https://web.archive.org/web/20121007173048/http://www.nga.gov/cgi-bin/tsearch?artistid=21956
"d'Aguilon, François",Flemish,1567 - 1617,https://web.archive.org/web/20121007173048/http://www.nga.gov/cgi-bin/tsearch?artistid=7151
"Dahl, Einar",American,1884 - 1976,https://web.archive.org/web/20121007173048/http://www.nga.gov/cgi-bin/tsearch?artistid=34224
"Dahl, Johan Christian",Norwegian,1788 - 1857,https://web.archive.org/web/20121007173048/http://www.nga.gov/cgi-bin/tsearch?artistid=5612
"Dahl, Johan Christian Clausen",Norwegian,1788 - 1857,https://web.archive.org/web/20121007173048/http://www.nga.gov/cgi-bin/tsearch?artistid=5612
"Dahlberg, Erik Jönson",Swedish,1625 - 1703,https://web.archive.org/web/20121007173048/http://www.nga.gov/cgi-bin/tsearch?artistid=11643
"Dahlgreen, Charles William",American,1864 - 1955,https://web.archive.org/web/20121007173048/http://www.nga.gov/cgi-bin/tsearch?artistid=33330
"Dahn, Walter",German,born 1954,https://web.archive.org/web/20121007173048/http://www.nga.gov/cgi-bin/tsearch?artistid=9790
"Danh, Binh",Vietnamese,born 1977,https://web.archive.org/web/20121007173048/http://www.nga.gov/cgi-bin/tsearch?artistid=36266
"Daigremont, Marie",French,active 1709,https://web.archive.org/web/20121007173048/http://www.nga.gov/cgi-bin/tsearch?artistid=12007
"Eagerton, Robert Pierce",American,born 1940,https://web.archive.org/web/20121007172912/http://www.nga.gov/cgi-bin/tsearch?artistid=4010
"Eaker, Alan",NA,NA,https://web.archive.org/web/20121007172912/http://www.nga.gov/cgi-bin/tsearch?artistid=17577
"Eakins, Thomas",American,1844 - 1916,https://web.archive.org/web/20121007172912/http://www.nga.gov/cgi-bin/tsearch?artistid=1260
"Earl, Florence",American,active c. 1935,https://web.archive.org/web/20121007172912/http://www.nga.gov/cgi-bin/tsearch?artistid=7472
"Earl, Ralph",American,1751 - 1801,https://web.archive.org/web/20121007172912/http://www.nga.gov/cgi-bin/tsearch?artistid=1261
"Earl, Ralph Eleaser Whiteside",American,1788 - 1838,https://web.archive.org/web/20121007172912/http://www.nga.gov/cgi-bin/tsearch?artistid=1262
"Earle, Edwin",American,1909 - 1989,https://web.archive.org/web/20121007172912/http://www.nga.gov/cgi-bin/tsearch?artistid=33384
"Earlom, Richard",British,1743 - 1822,https://web.archive.org/web/20121007172912/http://www.nga.gov/cgi-bin/tsearch?artistid=4011
"Easling, J.C.",British,active 1812/1833,https://web.archive.org/web/20121007172912/http://www.nga.gov/cgi-bin/tsearch?artistid=4012
"Eastman, Emily",American,1804 - active 1824,https://web.archive.org/web/20121007172912/http://www.nga.gov/cgi-bin/tsearch?artistid=5718
"Easton, Linwood",American,1892 - 1939,https://web.archive.org/web/20121007172912/http://www.nga.gov/cgi-bin/tsearch?artistid=4013
"Eaton, Charles Warren",American,1857 - 1937,https://web.archive.org/web/20121007172912/http://www.nga.gov/cgi-bin/tsearch?artistid=25867
"Eaton, R.",British,,https://web.archive.org/web/20121007172912/http://www.nga.gov/cgi-bin/tsearch?artistid=34531
"Ebdon, Christopher",British,active 1760s,https://web.archive.org/web/20121007172912/http://www.nga.gov/cgi-bin/tsearch?artistid=22288
"Ebell, Paul Heinrich",German,born 1908,https://web.archive.org/web/20121007172912/http://www.nga.gov/cgi-bin/tsearch?artistid=26431
"Eberbach, Walter",German,1866 - 1944,https://web.archive.org/web/20121007172912/http://www.nga.gov/cgi-bin/tsearch?artistid=28014
"Eby, Harold Kerr",American,1889 - 1946,https://web.archive.org/web/20121007172912/http://www.nga.gov/cgi-bin/tsearch?artistid=2486
"Eby, Kerr",American,1889 - 1946,https://web.archive.org/web/20121007172912/http://www.nga.gov/cgi-bin/tsearch?artistid=2486
"Eckart, Johann Georg",German,active c. 1820 - 1854,https://web.archive.org/web/20121007172912/http://www.nga.gov/cgi-bin/tsearch?artistid=4014
"Eckenbrecher, Karl Paul Themistocles von",German,1842 - 1921,https://web.archive.org/web/20121007172912/http://www.nga.gov/cgi-bin/tsearch?artistid=2487
"Eckenbrecher, Themistocles von",German,1842 - 1921,https://web.archive.org/web/20121007172912/http://www.nga.gov/cgi-bin/tsearch?artistid=2487
"Eckersberg, Christoffer Wilhelm",Danish,1783 - 1853,https://web.archive.org/web/20121007172912/http://www.nga.gov/cgi-bin/tsearch?artistid=13623
"Eckford, Jessie Jo",American,1895 - 1941,https://web.archive.org/web/20121007172912/http://www.nga.gov/cgi-bin/tsearch?artistid=33385
"Eckman, Edouard",Flemish,born c. 1600,https://web.archive.org/web/20121007172912/http://www.nga.gov/cgi-bin/tsearch?artistid=5643
"Ecman, Edouard",Flemish,born c. 1600,https://web.archive.org/web/20121007172912/http://www.nga.gov/cgi-bin/tsearch?artistid=5643
"Eddins, Homer",American,1902 - 1958,https://web.archive.org/web/20121007172912/http://www.nga.gov/cgi-bin/tsearch?artistid=33386
"Eddleman, Brian",NA,NA,https://web.archive.org/web/20121007172912/http://www.nga.gov/cgi-bin/tsearch?artistid=17579
"Edelfelt, Albert",Finnish,1854 - 1905,https://web.archive.org/web/20121007172912/http://www.nga.gov/cgi-bin/tsearch?artistid=4015
"Faber, David",American,born 1950,https://web.archive.org/web/20121007173054/http://www.nga.gov/cgi-bin/tsearch?artistid=29971
"Faber, Johann Joachim",German,1778 - 1846,https://web.archive.org/web/20121007173054/http://www.nga.gov/cgi-bin/tsearch?artistid=14182
"Faber, Karl Gottfried Traugott",German,1786 - 1863,https://web.archive.org/web/20121007173054/http://www.nga.gov/cgi-bin/tsearch?artistid=28714
"Faber II, John",Dutch,c. 1684 - 1756,https://web.archive.org/web/20121007173054/http://www.nga.gov/cgi-bin/tsearch?artistid=4047
"Fabilli, Mary",American,born 1914,https://web.archive.org/web/20121007173054/http://www.nga.gov/cgi-bin/tsearch?artistid=27180
"Fabri, Ralph",American,1894 - 1975,https://web.archive.org/web/20121007173054/http://www.nga.gov/cgi-bin/tsearch?artistid=4048
"Fabriano, Gentile da",Italian,c. 1370 - 1427,https://web.archive.org/web/20121007173054/http://www.nga.gov/cgi-bin/tsearch?artistid=1331
"Fabritius, Carel",Dutch,c. 1622 - 1654,https://web.archive.org/web/20121007173054/http://www.nga.gov/cgi-bin/tsearch?artistid=6892
"Fabronius, Dominique C.",American,born Belgium,https://web.archive.org/web/20121007173054/http://www.nga.gov/cgi-bin/tsearch?artistid=34923
"Faccini, Pietro",Italian,probably c. 1562 - 1602,https://web.archive.org/web/20121007173054/http://www.nga.gov/cgi-bin/tsearch?artistid=4049
"Faed, John",Scottish,probably 1819 - 1902,https://web.archive.org/web/20121007173054/http://www.nga.gov/cgi-bin/tsearch?artistid=5645
Faentine 16th Century,NA,NA,https://web.archive.org/web/20121007173054/http://www.nga.gov/cgi-bin/tsearch?artistid=9908
"Faes, Pieter van der",British,1618 - 1680,https://web.archive.org/web/20121007173054/http://www.nga.gov/cgi-bin/tsearch?artistid=1477
"Fagan, James",American,1864 - 1910,https://web.archive.org/web/20121007173054/http://www.nga.gov/cgi-bin/tsearch?artistid=33404
"Fahlstrom, Oyvind",American,1928 - 1976,https://web.archive.org/web/20121007173054/http://www.nga.gov/cgi-bin/tsearch?artistid=4053
"Faigin, Samuel",American,active c. 1935,https://web.archive.org/web/20121007173054/http://www.nga.gov/cgi-bin/tsearch?artistid=7489
"Fairbanks, George",American,active c. 1935,https://web.archive.org/web/20121007173054/http://www.nga.gov/cgi-bin/tsearch?artistid=7490
"Fairbanks, Semantha",American,active c. 1843,https://web.archive.org/web/20121007173054/http://www.nga.gov/cgi-bin/tsearch?artistid=2495
"Fairchild, Elizabeth",American,active c. 1935,https://web.archive.org/web/20121007173054/http://www.nga.gov/cgi-bin/tsearch?artistid=7491
"Fairclough, Wilfred",British,born 1907,https://web.archive.org/web/20121007173054/http://www.nga.gov/cgi-bin/tsearch?artistid=4054
"Fairland, William",British,active c. 1828,https://web.archive.org/web/20121007173054/http://www.nga.gov/cgi-bin/tsearch?artistid=6092
"Faithorne, William",English,1616 - 1691,https://web.archive.org/web/20121007173054/http://www.nga.gov/cgi-bin/tsearch?artistid=4055
"Faithorne, William I",English,1616 - 1691,https://web.archive.org/web/20121007173054/http://www.nga.gov/cgi-bin/tsearch?artistid=4055
"Faithorne the Elder, William",English,1616 - 1691,https://web.archive.org/web/20121007173054/http://www.nga.gov/cgi-bin/tsearch?artistid=4055
"Falcieri, Biagio",Italian,1628 - 1703,https://web.archive.org/web/20121007173054/http://www.nga.gov/cgi-bin/tsearch?artistid=6820
"Falcini, Domenico",Italian,born c. 1570,https://web.archive.org/web/20121007173054/http://www.nga.gov/cgi-bin/tsearch?artistid=23452
"Falck, Jeremias",German,c. 1619 - 1677,https://web.archive.org/web/20121007173054/http://www.nga.gov/cgi-bin/tsearch?artistid=4056
"Falcone, Aniello",Italian,1607 - 1656,https://web.archive.org/web/20121007173054/http://www.nga.gov/cgi-bin/tsearch?artistid=4057
"G., O.",American,active second half 19th century,https://web.archive.org/web/20121007173024/http://www.nga.gov/cgi-bin/tsearch?artistid=6894
"Gabbiani, Anton Domenico",Italian,1652 - 1726,https://web.archive.org/web/20121007173024/http://www.nga.gov/cgi-bin/tsearch?artistid=5944
"Gabbuggiani, Baldassare",Italian,1689 - c. 1750,https://web.archive.org/web/20121007173024/http://www.nga.gov/cgi-bin/tsearch?artistid=4149
"Gabo, Naum",Russian,1890 - 1977,https://web.archive.org/web/20121007173024/http://www.nga.gov/cgi-bin/tsearch?artistid=6880
"Gabriel, Ada Vorhaus",American,1898 - 1975,https://web.archive.org/web/20121007173024/http://www.nga.gov/cgi-bin/tsearch?artistid=33454
"Gabriel, Joseph Marie Justin",French,born 1838,https://web.archive.org/web/20121007173024/http://www.nga.gov/cgi-bin/tsearch?artistid=4150
"Gabriel, Justin-J.",French,born 1838,https://web.archive.org/web/20121007173024/http://www.nga.gov/cgi-bin/tsearch?artistid=4150
Gabriel Jacques de Saint-Aubin,French,1724 - 1780,https://web.archive.org/web/20121007173024/http://www.nga.gov/cgi-bin/tsearch?artistid=2728
"Gabriel V, Jacques",French,1667 - 1742,https://web.archive.org/web/20121007173024/http://www.nga.gov/cgi-bin/tsearch?artistid=12015
"Gaci, Ludovico",Italian,active 1489,https://web.archive.org/web/20121007173024/http://www.nga.gov/cgi-bin/tsearch?artistid=4664
"Gacis, Ludovico",Italian,active 1489,https://web.archive.org/web/20121007173024/http://www.nga.gov/cgi-bin/tsearch?artistid=4664
"Gaddi, Agnolo",Italian,active 1369 - 1396,https://web.archive.org/web/20121007173024/http://www.nga.gov/cgi-bin/tsearch?artistid=1327
"Gaertner, Eduard",German,1801 - 1877,https://web.archive.org/web/20121007173024/http://www.nga.gov/cgi-bin/tsearch?artistid=1328
"Gaertner, Johann Philipp Eduard",German,1801 - 1877,https://web.archive.org/web/20121007173024/http://www.nga.gov/cgi-bin/tsearch?artistid=1328
"Gaethke, George",American,1898 - 1982,https://web.archive.org/web/20121007173024/http://www.nga.gov/cgi-bin/tsearch?artistid=33455
"Gäfgen, Wolfgang",German,born 1936,https://web.archive.org/web/20121007173024/http://www.nga.gov/cgi-bin/tsearch?artistid=26435
"Gag, Wanda",American,1893 - 1946,https://web.archive.org/web/20121007173024/http://www.nga.gov/cgi-bin/tsearch?artistid=4151
"Gág, Wanda",American,1893 - 1946,https://web.archive.org/web/20121007173024/http://www.nga.gov/cgi-bin/tsearch?artistid=4151
"Ga'g, Wanda",American,1893 - 1946,https://web.archive.org/web/20121007173024/http://www.nga.gov/cgi-bin/tsearch?artistid=4151
"Gage, D.",English,active 17th century,https://web.archive.org/web/20121007173024/http://www.nga.gov/cgi-bin/tsearch?artistid=4152
"Gaggini, Domenico",Italian,active c. 1449 - 1492,https://web.archive.org/web/20121007173024/http://www.nga.gov/cgi-bin/tsearch?artistid=2115
"Gagini, Domenico",Italian,active c. 1449 - 1492,https://web.archive.org/web/20121007173024/http://www.nga.gov/cgi-bin/tsearch?artistid=2115
"Gagliardi, Filippo",Italian,died 1659,https://web.archive.org/web/20121007173024/http://www.nga.gov/cgi-bin/tsearch?artistid=19743
"Gagliardo, Bartolommeo",Italian,1555 - c. 1626,https://web.archive.org/web/20121007173024/http://www.nga.gov/cgi-bin/tsearch?artistid=27850
"Gagneraux, Baptiste",French,1765 - 1846,https://web.archive.org/web/20121007173024/http://www.nga.gov/cgi-bin/tsearch?artistid=14857
"Gaillard, Claude-Ferdinand",French,1834 - 1887,https://web.archive.org/web/20121007173024/http://www.nga.gov/cgi-bin/tsearch?artistid=4154
"Gaillard, Ferdinand",French,1834 - 1887,https://web.archive.org/web/20121007173024/http://www.nga.gov/cgi-bin/tsearch?artistid=4154
"Gaillard, René",French,c. 1719 - 1790,https://web.archive.org/web/20121007173024/http://www.nga.gov/cgi-bin/tsearch?artistid=4155
"H., J.",American,active 1822,https://web.archive.org/web/20121007173111/http://www.nga.gov/cgi-bin/tsearch?artistid=1366
"Haacke, Hans",German,born 1936,https://web.archive.org/web/20121007173111/http://www.nga.gov/cgi-bin/tsearch?artistid=19096
"Haacke, Hans Christoph",German,born 1936,https://web.archive.org/web/20121007173111/http://www.nga.gov/cgi-bin/tsearch?artistid=19096
"Haag, Carl",German,1820 - 1915,https://web.archive.org/web/20121007173111/http://www.nga.gov/cgi-bin/tsearch?artistid=25170
"Haagen, Joris van der",Dutch,1615 - 1669,https://web.archive.org/web/20121007173111/http://www.nga.gov/cgi-bin/tsearch?artistid=28658
"Haake, Hans",German,born 1936,https://web.archive.org/web/20121007173111/http://www.nga.gov/cgi-bin/tsearch?artistid=6901
"Haár, Ferenc",American,1908 - 1997,https://web.archive.org/web/20121007173111/http://www.nga.gov/cgi-bin/tsearch?artistid=28078
"Haar, Francis",American,1908 - 1997,https://web.archive.org/web/20121007173111/http://www.nga.gov/cgi-bin/tsearch?artistid=28078
"Haas, Hildegarde",American,1926 - 2002,https://web.archive.org/web/20121007173111/http://www.nga.gov/cgi-bin/tsearch?artistid=33510
"Haas, H.P.",NA,NA,https://web.archive.org/web/20121007173111/http://www.nga.gov/cgi-bin/tsearch?artistid=15172
"Haas, Richard John",American,born 1936,https://web.archive.org/web/20121007173111/http://www.nga.gov/cgi-bin/tsearch?artistid=4278
"Haasen, Paul",French,active 20th century,https://web.archive.org/web/20121007173111/http://www.nga.gov/cgi-bin/tsearch?artistid=17779
"Haasen, Raymond",French,active mid 20th century,https://web.archive.org/web/20121007173111/http://www.nga.gov/cgi-bin/tsearch?artistid=12370
"Haass, Terry",American,born 1923,https://web.archive.org/web/20121007173111/http://www.nga.gov/cgi-bin/tsearch?artistid=2552
"Haberer, Charles Winston",American,1905 - 1958,https://web.archive.org/web/20121007173111/http://www.nga.gov/cgi-bin/tsearch?artistid=5807
"Haberle, John",American,1856 - 1933,https://web.archive.org/web/20121007173111/http://www.nga.gov/cgi-bin/tsearch?artistid=22811
"Hackaert, Jan",Dutch,probably 1628 - probably 1699,https://web.archive.org/web/20121007173111/http://www.nga.gov/cgi-bin/tsearch?artistid=4279
"Hackaert, Joan",Dutch,probably 1628 - probably 1699,https://web.archive.org/web/20121007173111/http://www.nga.gov/cgi-bin/tsearch?artistid=4279
"Hackney, Malcolm",American,active c. 1935,https://web.archive.org/web/20121007173111/http://www.nga.gov/cgi-bin/tsearch?artistid=7610
"Hadcock, R. Neville",British,active 1930,https://web.archive.org/web/20121007173111/http://www.nga.gov/cgi-bin/tsearch?artistid=4280
"Haddoca, A.",American,active 1828 or after,https://web.archive.org/web/20121007173111/http://www.nga.gov/cgi-bin/tsearch?artistid=1367
Haddock,American,active 1828 or after,https://web.archive.org/web/20121007173111/http://www.nga.gov/cgi-bin/tsearch?artistid=1367
"Haddock, A.",American,active 1828 or after,https://web.archive.org/web/20121007173111/http://www.nga.gov/cgi-bin/tsearch?artistid=1367
"Haden, Francis Seymour",British,1818 - 1910,https://web.archive.org/web/20121007173111/http://www.nga.gov/cgi-bin/tsearch?artistid=2553
"Haden, Francis Seymour Sir",British,1818 - 1910,https://web.archive.org/web/20121007173111/http://www.nga.gov/cgi-bin/tsearch?artistid=2553
"Haden, Seymour",British,1818 - 1910,https://web.archive.org/web/20121007173111/http://www.nga.gov/cgi-bin/tsearch?artistid=2553
"Hadgadya, Miriam (Marussia)",American,1895 - 1982,https://web.archive.org/web/20121007173111/http://www.nga.gov/cgi-bin/tsearch?artistid=33511
"Hadley, Shirley Thomson",American,born 1917,https://web.archive.org/web/20121007173111/http://www.nga.gov/cgi-bin/tsearch?artistid=4281
"Iacovleff, Alexandre",Russian,1887 - 1938,https://web.archive.org/web/20121007172931/http://www.nga.gov/cgi-bin/tsearch?artistid=12041
"Iams, J. Howard",American,active c. 1935,https://web.archive.org/web/20121007172931/http://www.nga.gov/cgi-bin/tsearch?artistid=7671
"Ibbetson, Julius Caesar",British,1759 - 1817,https://web.archive.org/web/20121007172931/http://www.nga.gov/cgi-bin/tsearch?artistid=6540
"Ibels, Henri-Gabriel",French,1867 - 1936,https://web.archive.org/web/20121007172931/http://www.nga.gov/cgi-bin/tsearch?artistid=4412
"Ibling, Miriam",American,1895 - 1985,https://web.archive.org/web/20121007172931/http://www.nga.gov/cgi-bin/tsearch?artistid=34239
"Ichiro, Fukushima",Japanese,active 20th century,https://web.archive.org/web/20121007172931/http://www.nga.gov/cgi-bin/tsearch?artistid=4413
"Ida, Shoichi",Japanese,born 1941,https://web.archive.org/web/20121007172931/http://www.nga.gov/cgi-bin/tsearch?artistid=19104
"Iglicki, Suzy",Austrian,20th century,https://web.archive.org/web/20121007172931/http://www.nga.gov/cgi-bin/tsearch?artistid=26440
"Ignatow, David",American,born 1914,https://web.archive.org/web/20121007172931/http://www.nga.gov/cgi-bin/tsearch?artistid=21168
"Ihle, John Livingston",American,born 1925,https://web.archive.org/web/20121007172931/http://www.nga.gov/cgi-bin/tsearch?artistid=4414
"Ikeda, Masuo",Japanese,born 1934,https://web.archive.org/web/20121007172931/http://www.nga.gov/cgi-bin/tsearch?artistid=5925
"Ikeda, Shuzo",Japanese,born 1922,https://web.archive.org/web/20121007172931/http://www.nga.gov/cgi-bin/tsearch?artistid=4415
"Ikeda, Tatsuo",Japanese,active 20th century,https://web.archive.org/web/20121007172931/http://www.nga.gov/cgi-bin/tsearch?artistid=4416
Il Prete Savonese,Italian,1654 - 1709,https://web.archive.org/web/20121007172931/http://www.nga.gov/cgi-bin/tsearch?artistid=6667
"Iliff, Cynthia Willard",American,born 1907,https://web.archive.org/web/20121007172931/http://www.nga.gov/cgi-bin/tsearch?artistid=4417
"Iliff (Koehler), Cynthia Willard",American,1906 - 1998,https://web.archive.org/web/20121007172931/http://www.nga.gov/cgi-bin/tsearch?artistid=33588
"Illies, Karl Wilhelm Arthur",German,1870 - 1952,https://web.archive.org/web/20121007172931/http://www.nga.gov/cgi-bin/tsearch?artistid=30188
"Illingworth, Adeline S.",British,1858 - 1930 or after,https://web.archive.org/web/20121007172931/http://www.nga.gov/cgi-bin/tsearch?artistid=4418
"Imai, Toshimitsu",Japanese,born 1928,https://web.archive.org/web/20121007172931/http://www.nga.gov/cgi-bin/tsearch?artistid=4419
"Imbert, Barthelemy",French,1747 - 1790,https://web.archive.org/web/20121007172931/http://www.nga.gov/cgi-bin/tsearch?artistid=7016
"Imhof, Joseph A.",American,1871 - 1955,https://web.archive.org/web/20121007172931/http://www.nga.gov/cgi-bin/tsearch?artistid=33589
"Imler, Edgar",American,1890 - 1973,https://web.archive.org/web/20121007172931/http://www.nga.gov/cgi-bin/tsearch?artistid=33590
"Immendorff, Jörg",German,1945 - 2007,https://web.archive.org/web/20121007172931/http://www.nga.gov/cgi-bin/tsearch?artistid=6753
"Imperiale I, Girolamo",Italian,died c. 1639,https://web.archive.org/web/20121007172931/http://www.nga.gov/cgi-bin/tsearch?artistid=4420
"Ince, Joseph Murray",British,1806 - 1859,https://web.archive.org/web/20121007172931/http://www.nga.gov/cgi-bin/tsearch?artistid=6279
"Ince, William",British,active 1760s - 1804,https://web.archive.org/web/20121007172931/http://www.nga.gov/cgi-bin/tsearch?artistid=11540
"India, Bernardino",Italian,1528 - 1590,https://web.archive.org/web/20121007172931/http://www.nga.gov/cgi-bin/tsearch?artistid=2579
Indian 17th Century,NA,NA,https://web.archive.org/web/20121007172931/http://www.nga.gov/cgi-bin/tsearch?artistid=22947
"Jack, Mabel Wellington",American,1890 - 1970,https://web.archive.org/web/20121007172910/http://www.nga.gov/cgi-bin/tsearch?artistid=33591
"Jackman, R.",American,active c. 1935,https://web.archive.org/web/20121007172910/http://www.nga.gov/cgi-bin/tsearch?artistid=7674
"Jackson, Alene",active second half 20th century,,https://web.archive.org/web/20121007172910/http://www.nga.gov/cgi-bin/tsearch?artistid=24900
"Jackson, Alexander Young",Canadian,1883 - 1974,https://web.archive.org/web/20121007172910/http://www.nga.gov/cgi-bin/tsearch?artistid=33592
"Jackson, Billy Morrow",American,1926 - 2006,https://web.archive.org/web/20121007172910/http://www.nga.gov/cgi-bin/tsearch?artistid=1416
"Jackson, Everett Gee",American,1900 - 1995,https://web.archive.org/web/20121007172910/http://www.nga.gov/cgi-bin/tsearch?artistid=33593
"Jackson, Frederick",American,active c. 1935,https://web.archive.org/web/20121007172910/http://www.nga.gov/cgi-bin/tsearch?artistid=7675
"Jackson, Gordena",American,1900 - 1993,https://web.archive.org/web/20121007172910/http://www.nga.gov/cgi-bin/tsearch?artistid=7676
"Jackson, Gwendolyn",American,active c. 1935,https://web.archive.org/web/20121007172910/http://www.nga.gov/cgi-bin/tsearch?artistid=7677
"Jackson, Helfond",American,,https://web.archive.org/web/20121007172910/http://www.nga.gov/cgi-bin/tsearch?artistid=33594
"Jackson, John",British,1778 - 1831,https://web.archive.org/web/20121007172910/http://www.nga.gov/cgi-bin/tsearch?artistid=6117
"Jackson, John Baptist",English,1701 - c. 1780,https://web.archive.org/web/20121007172910/http://www.nga.gov/cgi-bin/tsearch?artistid=4432
"Jackson, Martin",American,1919 - 1986,https://web.archive.org/web/20121007172910/http://www.nga.gov/cgi-bin/tsearch?artistid=33595
"Jackson, Matthew",American,born 1974,https://web.archive.org/web/20121007172910/http://www.nga.gov/cgi-bin/tsearch?artistid=26008
"Jackson, Robert",American,,https://web.archive.org/web/20121007172910/http://www.nga.gov/cgi-bin/tsearch?artistid=33596
"Jackson, Samuel",British,1794 - 1869,https://web.archive.org/web/20121007172910/http://www.nga.gov/cgi-bin/tsearch?artistid=10237
"Jackson, Vaughn L.",American,1920 - 1999,https://web.archive.org/web/20121007172910/http://www.nga.gov/cgi-bin/tsearch?artistid=34240
"Jackson, William Henry",American,1843 - 1942,https://web.archive.org/web/20121007172910/http://www.nga.gov/cgi-bin/tsearch?artistid=18691
Jackson of Battersea,English,1701 - c. 1780,https://web.archive.org/web/20121007172910/http://www.nga.gov/cgi-bin/tsearch?artistid=4432
"Jacob, Betty",American,active c. 1935,https://web.archive.org/web/20121007172910/http://www.nga.gov/cgi-bin/tsearch?artistid=7678
"Jacob, Max",French,1876 - 1944,https://web.archive.org/web/20121007172910/http://www.nga.gov/cgi-bin/tsearch?artistid=14553
"Jacob, Nicolas-Henri",French,1782 - 1871,https://web.archive.org/web/20121007172910/http://www.nga.gov/cgi-bin/tsearch?artistid=4434
"Jacobe, Johann",Austrian,1733 - 1797,https://web.archive.org/web/20121007172910/http://www.nga.gov/cgi-bin/tsearch?artistid=4435
"Jacobi, Eli",American,1898 - 1984,https://web.archive.org/web/20121007172910/http://www.nga.gov/cgi-bin/tsearch?artistid=33597
"Jacobi, Lotte",American,born Germany,https://web.archive.org/web/20121007172910/http://www.nga.gov/cgi-bin/tsearch?artistid=21724
"Jacobs, Abraham",American,born Poland,https://web.archive.org/web/20121007172910/http://www.nga.gov/cgi-bin/tsearch?artistid=34653
"Jacobs, William",American,1897 - 1973,https://web.archive.org/web/20121007172910/http://www.nga.gov/cgi-bin/tsearch?artistid=33598
"Jacobson, Emanuel",American,active c. 1935,https://web.archive.org/web/20121007172910/http://www.nga.gov/cgi-bin/tsearch?artistid=7679
"Kaar, Virginia",American,1910 - 1966,https://web.archive.org/web/20121007172938/http://www.nga.gov/cgi-bin/tsearch?artistid=35064
"Kabakov, Ilya",Russian,born 1933,https://web.archive.org/web/20121007172938/http://www.nga.gov/cgi-bin/tsearch?artistid=9675
"Kabaphes, Khonstantinos Petrou",Greek,1863 - 1933,https://web.archive.org/web/20121007172938/http://www.nga.gov/cgi-bin/tsearch?artistid=7163
"Kabátová-Táborská, Zdenka",Czech,born 1933,https://web.archive.org/web/20121007172938/http://www.nga.gov/cgi-bin/tsearch?artistid=24845
"Kadar, G.",NA,NA,https://web.archive.org/web/20121007172938/http://www.nga.gov/cgi-bin/tsearch?artistid=23714
"Kadish, Reuben",American,1913 - 1992,https://web.archive.org/web/20121007172938/http://www.nga.gov/cgi-bin/tsearch?artistid=4473
"Kaendler, Johann Joachim",German,c. 1706 - 1775,https://web.archive.org/web/20121007172938/http://www.nga.gov/cgi-bin/tsearch?artistid=2315
"Kafka, Cestmir",Czech,1922 - 1988,https://web.archive.org/web/20121007172938/http://www.nga.gov/cgi-bin/tsearch?artistid=19982
"Kafka, Franz",Czech,1883 - 1924,https://web.archive.org/web/20121007172938/http://www.nga.gov/cgi-bin/tsearch?artistid=23734
"Kager, Johann Matthias",German,1575 - 1634,https://web.archive.org/web/20121007172938/http://www.nga.gov/cgi-bin/tsearch?artistid=5582
"Kagy, Sheffield Harold",American,1907 - 1989,https://web.archive.org/web/20121007172938/http://www.nga.gov/cgi-bin/tsearch?artistid=33612
"Kahn, Gustave",French,1859 - 1936,https://web.archive.org/web/20121007172938/http://www.nga.gov/cgi-bin/tsearch?artistid=22215
"Kahn, Max",American,born 1904,https://web.archive.org/web/20121007172938/http://www.nga.gov/cgi-bin/tsearch?artistid=4474
"Kaihatsu, Francis",American,born 1927,https://web.archive.org/web/20121007172938/http://www.nga.gov/cgi-bin/tsearch?artistid=33613
"Kainen, Daniel",American,active second half 20th century,https://web.archive.org/web/20121007172938/http://www.nga.gov/cgi-bin/tsearch?artistid=24972
"Kainen, Jacob",American,1909 - 2001,https://web.archive.org/web/20121007172938/http://www.nga.gov/cgi-bin/tsearch?artistid=4475
"Kaiser, Jaroslav",Czech,born 1919,https://web.archive.org/web/20121007172938/http://www.nga.gov/cgi-bin/tsearch?artistid=24839
"Kaiser, Ray",American,1912 - 1988,https://web.archive.org/web/20121007172938/http://www.nga.gov/cgi-bin/tsearch?artistid=33614
"Kaisermann, Franz",Swiss,1765 - 1833,https://web.archive.org/web/20121007172938/http://www.nga.gov/cgi-bin/tsearch?artistid=26720
"Kaisersberg, Johann Geiler von",German,1445 - 1510,https://web.archive.org/web/20121007172938/http://www.nga.gov/cgi-bin/tsearch?artistid=36268
"Kaizl, Mirko",NA,NA,https://web.archive.org/web/20121007172938/http://www.nga.gov/cgi-bin/tsearch?artistid=25685
"Kajimoto, Tsutomu",active late 20th century,,https://web.archive.org/web/20121007172938/http://www.nga.gov/cgi-bin/tsearch?artistid=25677
"Kalckreuth, Eduard Stanislaus Graf von",German,1820 - 1894,https://web.archive.org/web/20121007172938/http://www.nga.gov/cgi-bin/tsearch?artistid=25699
"Kalckreuth, Leopold von",German,1855 - 1928,https://web.archive.org/web/20121007172938/http://www.nga.gov/cgi-bin/tsearch?artistid=31162
"Kalckreuth, Stanislaus Graf von",German,1820 - 1894,https://web.archive.org/web/20121007172938/http://www.nga.gov/cgi-bin/tsearch?artistid=25699
"Káldor, László",Hungarian,1905 - 1963,https://web.archive.org/web/20121007172938/http://www.nga.gov/cgi-bin/tsearch?artistid=28082
"Kalf, Willem",Dutch,1619 - 1693,https://web.archive.org/web/20121007172938/http://www.nga.gov/cgi-bin/tsearch?artistid=1430
Kálidása,active 4th century,,https://web.archive.org/web/20121007172938/http://www.nga.gov/cgi-bin/tsearch?artistid=33100
"La Badessa, Vincent",American,active 1940s,https://web.archive.org/web/20121007173056/http://www.nga.gov/cgi-bin/tsearch?artistid=4555
"La Boissiere, Simon de",French,active c. 1687,https://web.archive.org/web/20121007173056/http://www.nga.gov/cgi-bin/tsearch?artistid=4556
"La Borde, Jean Benjamin de",French,1734 - 1794,https://web.archive.org/web/20121007173056/http://www.nga.gov/cgi-bin/tsearch?artistid=7019
"La Cave, Francois Morellon de",French,active 1723/1765,https://web.archive.org/web/20121007173056/http://www.nga.gov/cgi-bin/tsearch?artistid=6036
"La Fage, Nicolas-Raymond de",French,1656 - 1690,https://web.archive.org/web/20121007173056/http://www.nga.gov/cgi-bin/tsearch?artistid=2602
"La Farge, John",American,1835 - 1910,https://web.archive.org/web/20121007173056/http://www.nga.gov/cgi-bin/tsearch?artistid=1446
"La Farge, Thomas",American,1900 - 1941,https://web.archive.org/web/20121007173056/http://www.nga.gov/cgi-bin/tsearch?artistid=5744
"La Fontaine, Jean de",French,1621 - 1695,https://web.archive.org/web/20121007173056/http://www.nga.gov/cgi-bin/tsearch?artistid=7022
"La Foret, Eugene",American,active c. 1935,https://web.archive.org/web/20121007173056/http://www.nga.gov/cgi-bin/tsearch?artistid=7745
"La Fosse, Charles de",French,1636 - 1716,https://web.archive.org/web/20121007173056/http://www.nga.gov/cgi-bin/tsearch?artistid=27434
"La Fresnaye, Roger de",French,1885 - 1925,https://web.archive.org/web/20121007173056/http://www.nga.gov/cgi-bin/tsearch?artistid=1448
"La Fresnaye, Roger-Noel-Francois de",French,1885 - 1925,https://web.archive.org/web/20121007173056/http://www.nga.gov/cgi-bin/tsearch?artistid=1448
"La Gandara, Antonio de",French,1861 - 1917,https://web.archive.org/web/20121007173056/http://www.nga.gov/cgi-bin/tsearch?artistid=19185
"La Guillermie, Frederic-Auguste",French,1841 - 1934,https://web.archive.org/web/20121007173056/http://www.nga.gov/cgi-bin/tsearch?artistid=4564
"La Harpe, Jean-Francois de",French,1739 - 1803,https://web.archive.org/web/20121007173056/http://www.nga.gov/cgi-bin/tsearch?artistid=7023
"La Hire, Laurent de",French,1606 - 1656,https://web.archive.org/web/20121007173056/http://www.nga.gov/cgi-bin/tsearch?artistid=5599
"La Hyre, Laurent de",French,1606 - 1656,https://web.archive.org/web/20121007173056/http://www.nga.gov/cgi-bin/tsearch?artistid=5599
"La Jeunesse, Ernest",French,1874 - 1917,https://web.archive.org/web/20121007173056/http://www.nga.gov/cgi-bin/tsearch?artistid=18400
"La More, Chet Harmon",American,1908 - 1980,https://web.archive.org/web/20121007173056/http://www.nga.gov/cgi-bin/tsearch?artistid=33670
"La Motte, Antoine Houdar de",French,1672 - 1731,https://web.archive.org/web/20121007173056/http://www.nga.gov/cgi-bin/tsearch?artistid=7024
"La Rochfoucauld, François, duc de",French,1613 - 1680,https://web.archive.org/web/20121007173056/http://www.nga.gov/cgi-bin/tsearch?artistid=7026
"La Rue, Hendrik de",Dutch,1665 - 1722,https://web.archive.org/web/20121007173056/http://www.nga.gov/cgi-bin/tsearch?artistid=22211
"La Rue, Louis-Felix de",French,1731 - 1765,https://web.archive.org/web/20121007173056/http://www.nga.gov/cgi-bin/tsearch?artistid=6787
"La Serre, Jean Puget de",French,1600 - 1665,https://web.archive.org/web/20121007173056/http://www.nga.gov/cgi-bin/tsearch?artistid=7027
"La Tour, Claude du Menil de",French,1593 - 1652,https://web.archive.org/web/20121007173056/http://www.nga.gov/cgi-bin/tsearch?artistid=1461
"La Tour, Georges de",French,1593 - 1652,https://web.archive.org/web/20121007173056/http://www.nga.gov/cgi-bin/tsearch?artistid=1461
"La Tour, Georges du Mesnil de",French,1593 - 1652,https://web.archive.org/web/20121007173056/http://www.nga.gov/cgi-bin/tsearch?artistid=1461
"La Tour, Maurice-Quentin de",French,1704 - 1788,https://web.archive.org/web/20121007173056/http://www.nga.gov/cgi-bin/tsearch?artistid=1462
"Maar, Dora",French,1907 - 1997,https://web.archive.org/web/20121007172927/http://www.nga.gov/cgi-bin/tsearch?artistid=10865
"Mabuse, Jan",Netherlandish,c. 1478 - 1532,https://web.archive.org/web/20121007172927/http://www.nga.gov/cgi-bin/tsearch?artistid=1352
"Mac Orlan, Pierre",French,1882 - 1970,https://web.archive.org/web/20121007172927/http://www.nga.gov/cgi-bin/tsearch?artistid=14550
"MacArdell, James",Irish,1728/1729 - 1765,https://web.archive.org/web/20121007172927/http://www.nga.gov/cgi-bin/tsearch?artistid=4771
"MacCoy, Guy",American,1904 - 1981,https://web.archive.org/web/20121007172927/http://www.nga.gov/cgi-bin/tsearch?artistid=4772
"MacDermott, David",American,active 1960s,https://web.archive.org/web/20121007172927/http://www.nga.gov/cgi-bin/tsearch?artistid=4773
"MacDermott, Diane Conard",American,active 1960s,https://web.archive.org/web/20121007172927/http://www.nga.gov/cgi-bin/tsearch?artistid=4774
"Macdonald-Wright, Stanton",American,1890 - 1973,https://web.archive.org/web/20121007172927/http://www.nga.gov/cgi-bin/tsearch?artistid=14611
"Mace, Frank J.",American,active c. 1935,https://web.archive.org/web/20121007172927/http://www.nga.gov/cgi-bin/tsearch?artistid=7796
"MacEdwards, Barbara Chalmers",American,1906 - 1980,https://web.archive.org/web/20121007172927/http://www.nga.gov/cgi-bin/tsearch?artistid=34901
"MacGilchrist, John",American,1893 - 1977,https://web.archive.org/web/20121007172927/http://www.nga.gov/cgi-bin/tsearch?artistid=33736
"MacGowan, Clara",American,1895 - 1970,https://web.archive.org/web/20121007172927/http://www.nga.gov/cgi-bin/tsearch?artistid=33737
"MacIver, Loren",American,born 1909,https://web.archive.org/web/20121007172927/http://www.nga.gov/cgi-bin/tsearch?artistid=4775
"Mack, Harry Francis",American,born 1907,https://web.archive.org/web/20121007172927/http://www.nga.gov/cgi-bin/tsearch?artistid=33738
"Mack, Warren Bryan",American,1896 - 1952,https://web.archive.org/web/20121007172927/http://www.nga.gov/cgi-bin/tsearch?artistid=4776
MacKay,American,active 1791,https://web.archive.org/web/20121007172927/http://www.nga.gov/cgi-bin/tsearch?artistid=1502
"Macke, August",German,1887 - 1914,https://web.archive.org/web/20121007172927/http://www.nga.gov/cgi-bin/tsearch?artistid=21663
"MacKenzie, Roderick D.",American,1865 - 1941,https://web.archive.org/web/20121007172927/http://www.nga.gov/cgi-bin/tsearch?artistid=33739
"Mackenzie, Warren",American,born 1924,https://web.archive.org/web/20121007172927/http://www.nga.gov/cgi-bin/tsearch?artistid=33740
"Macklem, Leslie",American,active c. 1935,https://web.archive.org/web/20121007172927/http://www.nga.gov/cgi-bin/tsearch?artistid=7797
"Mackstauer, Fred",American,active 20th century,https://web.archive.org/web/20121007172927/http://www.nga.gov/cgi-bin/tsearch?artistid=4777
"Mackworth, H.",British,active 1767/1771,https://web.archive.org/web/20121007172927/http://www.nga.gov/cgi-bin/tsearch?artistid=14770
"MacLaughlan, Donald Shaw",Canadian,1876 - 1938,https://web.archive.org/web/20121007172927/http://www.nga.gov/cgi-bin/tsearch?artistid=4778
"MacLeod, Alexander Samuel",American,born 1888,https://web.archive.org/web/20121007172927/http://www.nga.gov/cgi-bin/tsearch?artistid=4779
"MacLeod, William Douglas",Scottish,born 1892,https://web.archive.org/web/20121007172927/http://www.nga.gov/cgi-bin/tsearch?artistid=4780
"MacLise, Angus",American,1938 - 1979,https://web.archive.org/web/20121007172927/http://www.nga.gov/cgi-bin/tsearch?artistid=10585
"MacMonnies, Frederick William",American,1863 - 1937,https://web.archive.org/web/20121007172927/http://www.nga.gov/cgi-bin/tsearch?artistid=32740
"MacNab, Iaian",British,1890 - 1967,https://web.archive.org/web/20121007172927/http://www.nga.gov/cgi-bin/tsearch?artistid=6599
Nadar,French,1820 - 1910,https://web.archive.org/web/20121007172944/http://www.nga.gov/cgi-bin/tsearch?artistid=13410
"Nadar, Paul",French,1856 - 1939,https://web.archive.org/web/20121007172944/http://www.nga.gov/cgi-bin/tsearch?artistid=24387
"Nadelman, Elie",American,1882 - 1946,https://web.archive.org/web/20121007172944/http://www.nga.gov/cgi-bin/tsearch?artistid=2206
"Naeke, Gustav Heinrich",German,1786 - 1835,https://web.archive.org/web/20121007172944/http://www.nga.gov/cgi-bin/tsearch?artistid=23273
"Nagare, Masayuki",Japanese,born 1923,https://web.archive.org/web/20121007172944/http://www.nga.gov/cgi-bin/tsearch?artistid=2207
"Nagase, Yoshiro",Japanese,born 1891,https://web.archive.org/web/20121007172944/http://www.nga.gov/cgi-bin/tsearch?artistid=5068
"Nagel, Hanna",German,1907 - 1975,https://web.archive.org/web/20121007172944/http://www.nga.gov/cgi-bin/tsearch?artistid=35364
"Nagler, Fred",American,1891 - 1983,https://web.archive.org/web/20121007172944/http://www.nga.gov/cgi-bin/tsearch?artistid=33834
"Nahl II, Johann August",German,1752 - 1825,https://web.archive.org/web/20121007172944/http://www.nga.gov/cgi-bin/tsearch?artistid=5615
"Naigeon, Jean-Claude",French,1753 - 1832,https://web.archive.org/web/20121007172944/http://www.nga.gov/cgi-bin/tsearch?artistid=5069
"Nakamizo, Fugi",American,1889 - 1950,https://web.archive.org/web/20121007172944/http://www.nga.gov/cgi-bin/tsearch?artistid=33835
"Nakao, Yoshitaka",Japanese,born 1911,https://web.archive.org/web/20121007172944/http://www.nga.gov/cgi-bin/tsearch?artistid=5070
"Nakayama, Tadashi",Japanese,born 1927,https://web.archive.org/web/20121007172944/http://www.nga.gov/cgi-bin/tsearch?artistid=5071
"Nakazato, Hitoshi",Japanese,born 1936,https://web.archive.org/web/20121007172944/http://www.nga.gov/cgi-bin/tsearch?artistid=35383
"Nakian, Reuben",American,1897 - 1986,https://web.archive.org/web/20121007172944/http://www.nga.gov/cgi-bin/tsearch?artistid=5072
"Naldini, Giovanni Battista",Italian,1537 - 1591,https://web.archive.org/web/20121007172944/http://www.nga.gov/cgi-bin/tsearch?artistid=2658
"Nam, Yoon Mi",NA,NA,https://web.archive.org/web/20121007172944/http://www.nga.gov/cgi-bin/tsearch?artistid=27217
"Nambata, Tatsuoki",Japanese,born 1905,https://web.archive.org/web/20121007172944/http://www.nga.gov/cgi-bin/tsearch?artistid=5073
"Name, Billy",American,born 1940,https://web.archive.org/web/20121007172944/http://www.nga.gov/cgi-bin/tsearch?artistid=31191
"Namuth, Hans",American,1915 - 1990,https://web.archive.org/web/20121007172944/http://www.nga.gov/cgi-bin/tsearch?artistid=31098
"Nanaka, Kenjiro",NA,NA,https://web.archive.org/web/20121007172944/http://www.nga.gov/cgi-bin/tsearch?artistid=15464
"Nanao, Kenjilo",American (?),born 1929,https://web.archive.org/web/20121007172944/http://www.nga.gov/cgi-bin/tsearch?artistid=5804
"Nancy, Anello",American,,https://web.archive.org/web/20121007172944/http://www.nga.gov/cgi-bin/tsearch?artistid=26721
Nancy 16th Century,NA,NA,https://web.archive.org/web/20121007172944/http://www.nga.gov/cgi-bin/tsearch?artistid=6694
"Nankivell, Frank A.",American,born Australia,https://web.archive.org/web/20121007172944/http://www.nga.gov/cgi-bin/tsearch?artistid=29945
"Nansen, Peter",Danish,1861 - 1918,https://web.archive.org/web/20121007172944/http://www.nga.gov/cgi-bin/tsearch?artistid=22835
"Nanteuil, Célestin",French,1813 - 1873,https://web.archive.org/web/20121007172944/http://www.nga.gov/cgi-bin/tsearch?artistid=2660
"Nanteuil, Robert",French,1623 - 1678,https://web.archive.org/web/20121007172944/http://www.nga.gov/cgi-bin/tsearch?artistid=2659
"Oakley, Thornton",American,1881 - 1955,https://web.archive.org/web/20121007172952/http://www.nga.gov/cgi-bin/tsearch?artistid=33847
"Oakley, Violet",American,1874 - 1961,https://web.archive.org/web/20121007172952/http://www.nga.gov/cgi-bin/tsearch?artistid=5749
"O'Bergh, Carl",American,1911 - 1978,https://web.archive.org/web/20121007172952/http://www.nga.gov/cgi-bin/tsearch?artistid=7908
"Oberhoff, Ernst",German,born 1906,https://web.archive.org/web/20121007172952/http://www.nga.gov/cgi-bin/tsearch?artistid=5113
"O'Brien, Edward",American,active 1973,https://web.archive.org/web/20121007172952/http://www.nga.gov/cgi-bin/tsearch?artistid=2667
"Obsequens, Julius",Latin,active mid 4th century,https://web.archive.org/web/20121007172952/http://www.nga.gov/cgi-bin/tsearch?artistid=7122
"O'Callahan, Kevin B.",American,1902 - 1977,https://web.archive.org/web/20121007172952/http://www.nga.gov/cgi-bin/tsearch?artistid=33848
"Ocampo, Miguel",Argentinean,born 1922,https://web.archive.org/web/20121007172952/http://www.nga.gov/cgi-bin/tsearch?artistid=6586
"Ochikubo, Tetsuo",American,1923 - 1975,https://web.archive.org/web/20121007172952/http://www.nga.gov/cgi-bin/tsearch?artistid=5114
"O'Connell, Friederike Emilie Auguste",German,1823 - 1885,https://web.archive.org/web/20121007172952/http://www.nga.gov/cgi-bin/tsearch?artistid=5115
"O'Connor, Thom",American,born 1937,https://web.archive.org/web/20121007172952/http://www.nga.gov/cgi-bin/tsearch?artistid=5856
"O'Connor, Thomas",American,active c. 1935,https://web.archive.org/web/20121007172952/http://www.nga.gov/cgi-bin/tsearch?artistid=7909
"Odazzi, Giovanni",Italian,1663 - 1731,https://web.archive.org/web/20121007172952/http://www.nga.gov/cgi-bin/tsearch?artistid=36738
"Odle, Dorothy",British,1873 - 1957,https://web.archive.org/web/20121007172952/http://www.nga.gov/cgi-bin/tsearch?artistid=16985
"O'Doherty, Brian",American,born 1935,https://web.archive.org/web/20121007172952/http://www.nga.gov/cgi-bin/tsearch?artistid=10140
"O'Donnell, Hugh",British,born 1950,https://web.archive.org/web/20121007172952/http://www.nga.gov/cgi-bin/tsearch?artistid=11347
"Oeben, Jean-François",German,1721 - 1763,https://web.archive.org/web/20121007172952/http://www.nga.gov/cgi-bin/tsearch?artistid=2323
"Oehler, Christoph",German,born 1881,https://web.archive.org/web/20121007172952/http://www.nga.gov/cgi-bin/tsearch?artistid=5116
"Oehme, Ernst Ferdinand",German,1797 - 1855,https://web.archive.org/web/20121007172952/http://www.nga.gov/cgi-bin/tsearch?artistid=28275
"Oeser, Adam Friedrich",German,1717 - 1799,https://web.archive.org/web/20121007172952/http://www.nga.gov/cgi-bin/tsearch?artistid=14752
"Oesterley, Carl",German,1805 - 1891,https://web.archive.org/web/20121007172952/http://www.nga.gov/cgi-bin/tsearch?artistid=31166
"Offin, Charles Z.",American,1899 - 1989,https://web.archive.org/web/20121007172952/http://www.nga.gov/cgi-bin/tsearch?artistid=5117
"Ofili, Chris",British,born 1968,https://web.archive.org/web/20121007172952/http://www.nga.gov/cgi-bin/tsearch?artistid=36003
"O'Hanlon, Ann",American,1908 - 1998,https://web.archive.org/web/20121007172952/http://www.nga.gov/cgi-bin/tsearch?artistid=34254
"O'Hara, Frank",American,1926 - 1966,https://web.archive.org/web/20121007172952/http://www.nga.gov/cgi-bin/tsearch?artistid=21160
"O'Hara, Frederick",American,1904 - 1980,https://web.archive.org/web/20121007172952/http://www.nga.gov/cgi-bin/tsearch?artistid=5119
"O'Hara, James Frederick",American,1904 - 1980,https://web.archive.org/web/20121007172952/http://www.nga.gov/cgi-bin/tsearch?artistid=5119
"O'Hara, Morgan",American,born 1941,https://web.archive.org/web/20121007172952/http://www.nga.gov/cgi-bin/tsearch?artistid=26223
"P., Meyer",French (?),active 18th century,https://web.archive.org/web/20121007173034/http://www.nga.gov/cgi-bin/tsearch?artistid=30966
"Pach, Walter",American,1883 - 1958,https://web.archive.org/web/20121007173034/http://www.nga.gov/cgi-bin/tsearch?artistid=25887
"Pachl, Delmar",American,1912 - 1944,https://web.archive.org/web/20121007173034/http://www.nga.gov/cgi-bin/tsearch?artistid=33860
Pacino di Bonaguida,Italian,active 1302 - c. 1340,https://web.archive.org/web/20121007173034/http://www.nga.gov/cgi-bin/tsearch?artistid=4675
"Packard, Emmy Lou",American,1914 - 1998,https://web.archive.org/web/20121007173034/http://www.nga.gov/cgi-bin/tsearch?artistid=34257
"Pacovská, Kvetá",Czech,born 1928,https://web.archive.org/web/20121007173034/http://www.nga.gov/cgi-bin/tsearch?artistid=24811
"Padgett, Ron",American,born 1942,https://web.archive.org/web/20121007173034/http://www.nga.gov/cgi-bin/tsearch?artistid=17588
Paduan 14th Century,NA,NA,https://web.archive.org/web/20121007173034/http://www.nga.gov/cgi-bin/tsearch?artistid=30624
Paduan 15th Century,NA,NA,https://web.archive.org/web/20121007173034/http://www.nga.gov/cgi-bin/tsearch?artistid=8301
Paduan 16th Century,NA,NA,https://web.archive.org/web/20121007173034/http://www.nga.gov/cgi-bin/tsearch?artistid=8318
"Paemel, Jules van",Belgian,1896 - 1968,https://web.archive.org/web/20121007173034/http://www.nga.gov/cgi-bin/tsearch?artistid=34893
"Paeschke, Paul",German,1875 - 1943,https://web.archive.org/web/20121007173034/http://www.nga.gov/cgi-bin/tsearch?artistid=26450
"Pagani, Matteo",Italian,active 1543/1562,https://web.archive.org/web/20121007173034/http://www.nga.gov/cgi-bin/tsearch?artistid=2103
"Pagano, Matteo",Italian,active 1543/1562,https://web.archive.org/web/20121007173034/http://www.nga.gov/cgi-bin/tsearch?artistid=2103
"Pagano, Matteo, called Matteo della Fede",Italian,active 1543/1562,https://web.archive.org/web/20121007173034/http://www.nga.gov/cgi-bin/tsearch?artistid=2103
"Page, George",NA,NA,https://web.archive.org/web/20121007173034/http://www.nga.gov/cgi-bin/tsearch?artistid=15430
"Page, Marian",American,active c. 1935,https://web.archive.org/web/20121007173034/http://www.nga.gov/cgi-bin/tsearch?artistid=7921
"Paggi, Giovanni Battista",Italian,1554 - 1627,https://web.archive.org/web/20121007173034/http://www.nga.gov/cgi-bin/tsearch?artistid=28426
"Paik, Nam June",American,born South Korea,https://web.archive.org/web/20121007173034/http://www.nga.gov/cgi-bin/tsearch?artistid=5145
"Pain, James",British,active 1780s,https://web.archive.org/web/20121007173034/http://www.nga.gov/cgi-bin/tsearch?artistid=22267
"Pain, William",British,c. 1730 - c. 1794,https://web.archive.org/web/20121007173034/http://www.nga.gov/cgi-bin/tsearch?artistid=11619
"Paine, James",British,1717 - 1789,https://web.archive.org/web/20121007173034/http://www.nga.gov/cgi-bin/tsearch?artistid=11618
"Paine, Jean",French,1623 - 1700,https://web.archive.org/web/20121007173034/http://www.nga.gov/cgi-bin/tsearch?artistid=5198
"Paine, Roxy",American,born 1966,https://web.archive.org/web/20121007173034/http://www.nga.gov/cgi-bin/tsearch?artistid=34629
Painter of the Three Graces,Italian,,https://web.archive.org/web/20121007173034/http://www.nga.gov/cgi-bin/tsearch?artistid=9910
"Pajou, Augustin",French,1730 - 1809,https://web.archive.org/web/20121007173034/http://www.nga.gov/cgi-bin/tsearch?artistid=2218
"Pakhamov, Aleksei Fedorovich",Russian,1900 - 1973,https://web.archive.org/web/20121007173034/http://www.nga.gov/cgi-bin/tsearch?artistid=5146
"Paladino, Giovanni",Italian,1647 - 1689,https://web.archive.org/web/20121007173034/http://www.nga.gov/cgi-bin/tsearch?artistid=2219
"Quackenbush, Lloyd",American,active c. 1935,https://web.archive.org/web/20121007172920/http://www.nga.gov/cgi-bin/tsearch?artistid=7969
"Quad, Matthis",Netherlandish,1557 - c. 1610,https://web.archive.org/web/20121007172920/http://www.nga.gov/cgi-bin/tsearch?artistid=6293
"Quadri, Carlo",Italian,active late 17th century - early 18th century,https://web.archive.org/web/20121007172920/http://www.nga.gov/cgi-bin/tsearch?artistid=19570
"Quaglio, Domenico",German,1787 - 1837,https://web.archive.org/web/20121007172920/http://www.nga.gov/cgi-bin/tsearch?artistid=6057
"Quarenghi, Giacomo",Italian,1744 - 1817,https://web.archive.org/web/20121007172920/http://www.nga.gov/cgi-bin/tsearch?artistid=2701
"Quarenghi, Giulio, Cavaliere",Italian,active c. 1821,https://web.archive.org/web/20121007172920/http://www.nga.gov/cgi-bin/tsearch?artistid=23710
"Quarry, Regina Katharina",German,c. 1762 - c. 1818,https://web.archive.org/web/20121007172920/http://www.nga.gov/cgi-bin/tsearch?artistid=5290
"Quarry, Regine Catherine",German,c. 1762 - c. 1818,https://web.archive.org/web/20121007172920/http://www.nga.gov/cgi-bin/tsearch?artistid=5290
"Quast, Pieter Jansz",Dutch,1606 - 1647,https://web.archive.org/web/20121007172920/http://www.nga.gov/cgi-bin/tsearch?artistid=2702
"Queboorn, Crispyn van den",Dutch,1604 - 1652,https://web.archive.org/web/20121007172920/http://www.nga.gov/cgi-bin/tsearch?artistid=6294
"Quellinus II, Erasmus",Netherlandish,1607 - 1678,https://web.archive.org/web/20121007172920/http://www.nga.gov/cgi-bin/tsearch?artistid=19948
"Quentin, Bernard Maurice",French,born 1923,https://web.archive.org/web/20121007172920/http://www.nga.gov/cgi-bin/tsearch?artistid=5291
"Quentin, Leonard",American,active 20th century,https://web.archive.org/web/20121007172920/http://www.nga.gov/cgi-bin/tsearch?artistid=5292
"Quercia, Jacopo della",Italian,1371/1374 - 1438,https://web.archive.org/web/20121007172920/http://www.nga.gov/cgi-bin/tsearch?artistid=2240
"Querelles, Chevalier de",French,active c. 1770,https://web.archive.org/web/20121007172920/http://www.nga.gov/cgi-bin/tsearch?artistid=7057
"Quesnel, François",French,1543 - 1619,https://web.archive.org/web/20121007172920/http://www.nga.gov/cgi-bin/tsearch?artistid=9806
"Quest, Charles",American,1904 - 1993,https://web.archive.org/web/20121007172920/http://www.nga.gov/cgi-bin/tsearch?artistid=25190
"Queverdo, François Marie Isidore",French,1748 - 1797,https://web.archive.org/web/20121007172920/http://www.nga.gov/cgi-bin/tsearch?artistid=5293
"Queyroy, Armand",French,born 1830,https://web.archive.org/web/20121007172920/http://www.nga.gov/cgi-bin/tsearch?artistid=6797
"Quidor, John",American,1801 - 1881,https://web.archive.org/web/20121007172920/http://www.nga.gov/cgi-bin/tsearch?artistid=1810
"Quinkhard, Jan Maurits",Dutch,1688 - 1772,https://web.archive.org/web/20121007172920/http://www.nga.gov/cgi-bin/tsearch?artistid=6778
"Quinn, Robert",active second half 20th century,,https://web.archive.org/web/20121007172920/http://www.nga.gov/cgi-bin/tsearch?artistid=26035
"Quiyun, Hu",NA,NA,https://web.archive.org/web/20121007172920/http://www.nga.gov/cgi-bin/tsearch?artistid=26703
"Rabaliatti, Franz Wilhelm",German,1716 - 1782,https://web.archive.org/web/20121007172941/http://www.nga.gov/cgi-bin/tsearch?artistid=21151
"Rabel, Jean",French,c. 1545 - 1603,https://web.archive.org/web/20121007172941/http://www.nga.gov/cgi-bin/tsearch?artistid=5303
"Rabelais, François",French,c. 1490 - probably 1553,https://web.archive.org/web/20121007172941/http://www.nga.gov/cgi-bin/tsearch?artistid=7058
"Rabino, Saul",American,1892 - 1969,https://web.archive.org/web/20121007172941/http://www.nga.gov/cgi-bin/tsearch?artistid=33900
"Raboy, Emanuel Mac",American,1914 - 1967,https://web.archive.org/web/20121007172941/http://www.nga.gov/cgi-bin/tsearch?artistid=33901
"Rachou, Henri",NA,NA,https://web.archive.org/web/20121007172941/http://www.nga.gov/cgi-bin/tsearch?artistid=22916
"Racine, Jean",French,1639 - 1699,https://web.archive.org/web/20121007172941/http://www.nga.gov/cgi-bin/tsearch?artistid=7059
"Rackley, Mildred",American,1906 - 1992,https://web.archive.org/web/20121007172941/http://www.nga.gov/cgi-bin/tsearch?artistid=33902
"Racz, André",American,1916 - 1994,https://web.archive.org/web/20121007172941/http://www.nga.gov/cgi-bin/tsearch?artistid=5304
"Raddon, William",British,active 1817/1862,https://web.archive.org/web/20121007172941/http://www.nga.gov/cgi-bin/tsearch?artistid=6295
Radel,German,active 1767,https://web.archive.org/web/20121007172941/http://www.nga.gov/cgi-bin/tsearch?artistid=26371
"Rademaker, Abraham",Dutch,1675 - 1735,https://web.archive.org/web/20121007172941/http://www.nga.gov/cgi-bin/tsearch?artistid=5305
"Radi, Bernardino",Italian,1581 - 1643,https://web.archive.org/web/20121007172941/http://www.nga.gov/cgi-bin/tsearch?artistid=11668
"Radigues, Antoine",French,1721 - 1809,https://web.archive.org/web/20121007172941/http://www.nga.gov/cgi-bin/tsearch?artistid=5306
"Radnitzky, Emmanuel",American,1890 - 1976,https://web.archive.org/web/20121007172941/http://www.nga.gov/cgi-bin/tsearch?artistid=5317
"Radziwill, Franz",German,born 1895,https://web.archive.org/web/20121007172941/http://www.nga.gov/cgi-bin/tsearch?artistid=2703
"Raeburn, Henry, Sir",Scottish,1756 - 1823,https://web.archive.org/web/20121007172941/http://www.nga.gov/cgi-bin/tsearch?artistid=1811
"Raes II, Jan",Flemish,active 1625/1630,https://web.archive.org/web/20121007172941/http://www.nga.gov/cgi-bin/tsearch?artistid=2327
"Raetz, Markus",Swiss,born 1941,https://web.archive.org/web/20121007172941/http://www.nga.gov/cgi-bin/tsearch?artistid=19107
"Raffael, Joseph",American,born 1933,https://web.archive.org/web/20121007172941/http://www.nga.gov/cgi-bin/tsearch?artistid=6073
"Raffaele, Joe",American,born 1933,https://web.archive.org/web/20121007172941/http://www.nga.gov/cgi-bin/tsearch?artistid=6073
Raffaele dei Capponi,Italian,1466 - 1524,https://web.archive.org/web/20121007172941/http://www.nga.gov/cgi-bin/tsearch?artistid=12984
Raffaele dei Carli,Italian,1466 - 1524,https://web.archive.org/web/20121007172941/http://www.nga.gov/cgi-bin/tsearch?artistid=12984
"Raffaëlli, Jean François",French,1850 - 1924,https://web.archive.org/web/20121007172941/http://www.nga.gov/cgi-bin/tsearch?artistid=1812
"Raffaëlli, Jean-François",French,1850 - 1924,https://web.archive.org/web/20121007172941/http://www.nga.gov/cgi-bin/tsearch?artistid=1812
Raffaellino da Reggio,Italian,c. 1550 - 1578,https://web.archive.org/web/20121007172941/http://www.nga.gov/cgi-bin/tsearch?artistid=5042
Raffaellino del Garbo,Italian,1466 - 1524,https://web.archive.org/web/20121007172941/http://www.nga.gov/cgi-bin/tsearch?artistid=12984
"Raffet, Auguste",French,1804 - 1860,https://web.archive.org/web/20121007172941/http://www.nga.gov/cgi-bin/tsearch?artistid=5307
"Sabatelli I, Luigi",Italian,1772 - 1850,https://web.archive.org/web/20121007173042/http://www.nga.gov/cgi-bin/tsearch?artistid=5419
Sabin,American,active 20th century,https://web.archive.org/web/20121007173042/http://www.nga.gov/cgi-bin/tsearch?artistid=5421
"Sabol, Audrey",American,,https://web.archive.org/web/20121007173042/http://www.nga.gov/cgi-bin/tsearch?artistid=34875
"Sacchetti, Lorenzo",Italian,1759 - after 1834,https://web.archive.org/web/20121007173042/http://www.nga.gov/cgi-bin/tsearch?artistid=6834
"Sacchi, Andrea",Italian,1599 - 1661,https://web.archive.org/web/20121007173042/http://www.nga.gov/cgi-bin/tsearch?artistid=2727
"Sacchis, Giovanni Antonio de",Italian,probably 1484 - 1539,https://web.archive.org/web/20121007173042/http://www.nga.gov/cgi-bin/tsearch?artistid=2690
"Sachs, Lambert",American,1818 - 1903,https://web.archive.org/web/20121007173042/http://www.nga.gov/cgi-bin/tsearch?artistid=1852
"Sacilatto, Deli",active second half 20th century,,https://web.archive.org/web/20121007173042/http://www.nga.gov/cgi-bin/tsearch?artistid=23494
"Saciloto, Deli",NA,NA,https://web.archive.org/web/20121007173042/http://www.nga.gov/cgi-bin/tsearch?artistid=27161
"Sacilotto, Deli",American,,https://web.archive.org/web/20121007173042/http://www.nga.gov/cgi-bin/tsearch?artistid=27118
"Sackerman, Gilbert",American,active c. 1935,https://web.archive.org/web/20121007173042/http://www.nga.gov/cgi-bin/tsearch?artistid=8021
"Sacon, Jacques",French,1490 - 1515,https://web.archive.org/web/20121007173042/http://www.nga.gov/cgi-bin/tsearch?artistid=33001
"Saconni, Carlo",Italian,,https://web.archive.org/web/20121007173042/http://www.nga.gov/cgi-bin/tsearch?artistid=30500
"Sadeler, Justus",Flemish,1583 - 1620,https://web.archive.org/web/20121007173042/http://www.nga.gov/cgi-bin/tsearch?artistid=23812
"Sadeler I, Jan",Flemish,1550 - 1600,https://web.archive.org/web/20121007173042/http://www.nga.gov/cgi-bin/tsearch?artistid=5423
"Sadeler I, Johann",Flemish,1550 - 1600,https://web.archive.org/web/20121007173042/http://www.nga.gov/cgi-bin/tsearch?artistid=5423
"Sadeler I, Johannes",Flemish,1550 - 1600,https://web.archive.org/web/20121007173042/http://www.nga.gov/cgi-bin/tsearch?artistid=5423
"Sadeler I, Raphael",Flemish,1560/1561 - 1628 or 1632,https://web.archive.org/web/20121007173042/http://www.nga.gov/cgi-bin/tsearch?artistid=5424
"Sadeler II, Aegidius",Flemish,c. 1570 - 1629,https://web.archive.org/web/20121007173042/http://www.nga.gov/cgi-bin/tsearch?artistid=5422
"Sadeler II, Egidius",Flemish,c. 1570 - 1629,https://web.archive.org/web/20121007173042/http://www.nga.gov/cgi-bin/tsearch?artistid=5422
"Sadeler II, Gillis",Flemish,c. 1570 - 1629,https://web.archive.org/web/20121007173042/http://www.nga.gov/cgi-bin/tsearch?artistid=5422
"Sadeler II, Raphael",Flemish,1584 - 1632,https://web.archive.org/web/20121007173042/http://www.nga.gov/cgi-bin/tsearch?artistid=5425
"Saenredam, Jan Pietersz",Dutch,1565 - 1607,https://web.archive.org/web/20121007173042/http://www.nga.gov/cgi-bin/tsearch?artistid=5426
"Saenredam, Pieter Jansz",Dutch,1597 - 1665,https://web.archive.org/web/20121007173042/http://www.nga.gov/cgi-bin/tsearch?artistid=1853
"Saff, Donald",American,born 1937,https://web.archive.org/web/20121007173042/http://www.nga.gov/cgi-bin/tsearch?artistid=5427
"Safford, Ruth Perkins",American,1897 - 1979,https://web.archive.org/web/20121007173042/http://www.nga.gov/cgi-bin/tsearch?artistid=2726
"Saftleven, Cornelis",Dutch,1607 - 1681,https://web.archive.org/web/20121007173042/http://www.nga.gov/cgi-bin/tsearch?artistid=22900
"Saftleven, Herman",Dutch,1609 - 1685,https://web.archive.org/web/20121007173042/http://www.nga.gov/cgi-bin/tsearch?artistid=5428
"Taber, Eileen",American,active 1956,https://web.archive.org/web/20121007173006/http://www.nga.gov/cgi-bin/tsearch?artistid=3159
"Tabor, Robert",American,,https://web.archive.org/web/20121007173006/http://www.nga.gov/cgi-bin/tsearch?artistid=34474
"Tabuchi, Yasse",Japanese,born 1921,https://web.archive.org/web/20121007173006/http://www.nga.gov/cgi-bin/tsearch?artistid=3160
"Tacca, Pietro",Italian,1577 - 1640,https://web.archive.org/web/20121007173006/http://www.nga.gov/cgi-bin/tsearch?artistid=2279
"Tack, Augustus Vincent",American,1870 - 1949,https://web.archive.org/web/20121007173006/http://www.nga.gov/cgi-bin/tsearch?artistid=1917
"Taddeo di Giovanni Bono, Michele di",Italian,active 1420/1462,https://web.archive.org/web/20121007173006/http://www.nga.gov/cgi-bin/tsearch?artistid=1339
"Taglioni, L.",Italian,active second quarter 19th century,https://web.archive.org/web/20121007173006/http://www.nga.gov/cgi-bin/tsearch?artistid=22226
"Taiée, Alfred",French,1820 - after 1880,https://web.archive.org/web/20121007173006/http://www.nga.gov/cgi-bin/tsearch?artistid=3161
"Taiée, Jean Alfred",French,1820 - after 1880,https://web.archive.org/web/20121007173006/http://www.nga.gov/cgi-bin/tsearch?artistid=3161
"Tait, Agnes Gabrielle",American,1894 - 1981,https://web.archive.org/web/20121007173006/http://www.nga.gov/cgi-bin/tsearch?artistid=34060
"Tait, Agnes Gabrielle McNulty",American,1894 - 1981,https://web.archive.org/web/20121007173006/http://www.nga.gov/cgi-bin/tsearch?artistid=34060
"Takada, Hidekatsu",NA,NA,https://web.archive.org/web/20121007173006/http://www.nga.gov/cgi-bin/tsearch?artistid=26541
"Takagi, Madoka",American,born Japan 1956,https://web.archive.org/web/20121007173006/http://www.nga.gov/cgi-bin/tsearch?artistid=28886
"Takahashi, Hiroaki",Japanese,1871 - 1944,https://web.archive.org/web/20121007173006/http://www.nga.gov/cgi-bin/tsearch?artistid=6451
"Takal, Peter",American,1905 - 1995,https://web.archive.org/web/20121007173006/http://www.nga.gov/cgi-bin/tsearch?artistid=3162
"Takatsuki, Hitoshi",Japanese,active 20th century,https://web.archive.org/web/20121007173006/http://www.nga.gov/cgi-bin/tsearch?artistid=5832
"Takemoto, Henry",active second half 20th century,,https://web.archive.org/web/20121007173006/http://www.nga.gov/cgi-bin/tsearch?artistid=25982
Takis,Greek,born 1925,https://web.archive.org/web/20121007173006/http://www.nga.gov/cgi-bin/tsearch?artistid=3163
"Talasnik, Stephen",American,,https://web.archive.org/web/20121007173006/http://www.nga.gov/cgi-bin/tsearch?artistid=28402
"Talbot, Thomas",English,active probably late 16th or early 17th century,https://web.archive.org/web/20121007173006/http://www.nga.gov/cgi-bin/tsearch?artistid=6031
"Talbot, William Henry Fox",British,1800 - 1877,https://web.archive.org/web/20121007173006/http://www.nga.gov/cgi-bin/tsearch?artistid=13359
"Tal-Coat, Pierre",French,1905 - 1985,https://web.archive.org/web/20121007173006/http://www.nga.gov/cgi-bin/tsearch?artistid=24028
"Tallman, Verna",American,active c. 1935,https://web.archive.org/web/20121007173006/http://www.nga.gov/cgi-bin/tsearch?artistid=8115
"Tam, Reuben",American,1916 - 1991,https://web.archive.org/web/20121007173006/http://www.nga.gov/cgi-bin/tsearch?artistid=34061
"Tamagami, Tsuneo",Japanese,born 1923,https://web.archive.org/web/20121007173006/http://www.nga.gov/cgi-bin/tsearch?artistid=3164
"Tamagni, Vincenzo",Italian,1492 - c. 1530,https://web.archive.org/web/20121007173006/http://www.nga.gov/cgi-bin/tsearch?artistid=10517
"Tamayo, Rufino",Mexican,1899 - 1991,https://web.archive.org/web/20121007173006/http://www.nga.gov/cgi-bin/tsearch?artistid=1918
"Tambono, Michele di Taddeo di Giovanni",Italian,active 1420/1462,https://web.archive.org/web/20121007173006/http://www.nga.gov/cgi-bin/tsearch?artistid=1339
"U., E.",German (?),active 18th or 19th century,https://web.archive.org/web/20121007173020/http://www.nga.gov/cgi-bin/tsearch?artistid=22247
"Ubertini, Francesco",Italian,1494 - 1557,https://web.archive.org/web/20121007173020/http://www.nga.gov/cgi-bin/tsearch?artistid=131
"Uchima, Ansei",American,born 1921,https://web.archive.org/web/20121007173020/http://www.nga.gov/cgi-bin/tsearch?artistid=3238
"Uchiyama, Shigeru",Japanese,born 1907,https://web.archive.org/web/20121007173020/http://www.nga.gov/cgi-bin/tsearch?artistid=3239
"Uchiyama, Ukai",Japanese,born 1907,https://web.archive.org/web/20121007173020/http://www.nga.gov/cgi-bin/tsearch?artistid=3239
"Uchteritz, Karl Siegmund von",German,active 18th century,https://web.archive.org/web/20121007173020/http://www.nga.gov/cgi-bin/tsearch?artistid=7081
"Uden, Lucas van",Flemish,1595 - 1672,https://web.archive.org/web/20121007173020/http://www.nga.gov/cgi-bin/tsearch?artistid=6934
"Udine, Giovanni da",Italian,c. 1487 - 1535,https://web.archive.org/web/20121007173020/http://www.nga.gov/cgi-bin/tsearch?artistid=18986
"Uecker, Gunther",German,born 1930,https://web.archive.org/web/20121007173020/http://www.nga.gov/cgi-bin/tsearch?artistid=17804
"Ueda, Sokyu",Japanese,active 20th century,https://web.archive.org/web/20121007173020/http://www.nga.gov/cgi-bin/tsearch?artistid=3240
"Uggeri, Angelo",Italian,1754 - 1837,https://web.archive.org/web/20121007173020/http://www.nga.gov/cgi-bin/tsearch?artistid=5892
"Ughi, Lodovico",Italian,active c. 1729,https://web.archive.org/web/20121007173020/http://www.nga.gov/cgi-bin/tsearch?artistid=35207
"Ughi, Luigi",Italian,active 1729,https://web.archive.org/web/20121007173020/http://www.nga.gov/cgi-bin/tsearch?artistid=19600
Ugo da Carpi,Italian,c. 1480 - 1532,https://web.archive.org/web/20121007173020/http://www.nga.gov/cgi-bin/tsearch?artistid=3694
"Uhden, Maria",German,1892 - 1918,https://web.archive.org/web/20121007173020/http://www.nga.gov/cgi-bin/tsearch?artistid=25800
"Uhl, Joseph",German,born 1877,https://web.archive.org/web/20121007173020/http://www.nga.gov/cgi-bin/tsearch?artistid=6958
"Uhl, Kathryn",American,active c. 1935,https://web.archive.org/web/20121007173020/http://www.nga.gov/cgi-bin/tsearch?artistid=8148
"Ulft, Jacob van der",Dutch,1621 - 1689,https://web.archive.org/web/20121007173020/http://www.nga.gov/cgi-bin/tsearch?artistid=6349
"Ullrich, Heinrich",German,died 1621,https://web.archive.org/web/20121007173020/http://www.nga.gov/cgi-bin/tsearch?artistid=6286
Ulocrino,Italian,active early 16th century,https://web.archive.org/web/20121007173020/http://www.nga.gov/cgi-bin/tsearch?artistid=2287
"Ulreich, Edward Buk",American,1889 - 1966,https://web.archive.org/web/20121007173020/http://www.nga.gov/cgi-bin/tsearch?artistid=34093
"Ulreich, Nura Woodson",American,1899 - 1950,https://web.archive.org/web/20121007173020/http://www.nga.gov/cgi-bin/tsearch?artistid=33125
"Ulrich, Alois E.",American,active c. 1935,https://web.archive.org/web/20121007173020/http://www.nga.gov/cgi-bin/tsearch?artistid=8149
"Ulrich, Boas",German,1550 - 1623,https://web.archive.org/web/20121007173020/http://www.nga.gov/cgi-bin/tsearch?artistid=2335
"Ulrich, Johann Jakob",Swiss,1798 - 1877,https://web.archive.org/web/20121007173020/http://www.nga.gov/cgi-bin/tsearch?artistid=34835
"Umana, Alfonso",American,1908 - 1994,https://web.archive.org/web/20121007173020/http://www.nga.gov/cgi-bin/tsearch?artistid=8150
"Umbach, Jonas",German,c. 1624 - 1693,https://web.archive.org/web/20121007173020/http://www.nga.gov/cgi-bin/tsearch?artistid=10036
"Umbehr, Otto",German,1902 - 1980,https://web.archive.org/web/20121007173020/http://www.nga.gov/cgi-bin/tsearch?artistid=13557
"Vaart, Jan van der",Dutch,1647 - 1721,https://web.archive.org/web/20121007172907/http://www.nga.gov/cgi-bin/tsearch?artistid=6320
"Vaccaro, Pat",American,born 1920,https://web.archive.org/web/20121007172907/http://www.nga.gov/cgi-bin/tsearch?artistid=35049
"Vaccaro, Patrick Frank",American,born 1920,https://web.archive.org/web/20121007172907/http://www.nga.gov/cgi-bin/tsearch?artistid=35049
"Vaccaro, Patt",American,born 1920,https://web.archive.org/web/20121007172907/http://www.nga.gov/cgi-bin/tsearch?artistid=35049
"Váchal, Josef",Czech,1884 - 1969,https://web.archive.org/web/20121007172907/http://www.nga.gov/cgi-bin/tsearch?artistid=24765
"Vacher, Sydney",British,1854 - 1934,https://web.archive.org/web/20121007172907/http://www.nga.gov/cgi-bin/tsearch?artistid=3248
"Vacquerie, Auguste",French,1819 - 1895,https://web.archive.org/web/20121007172907/http://www.nga.gov/cgi-bin/tsearch?artistid=19004
"Vadder, Lodewijk de",Flemish,1605 - 1655,https://web.archive.org/web/20121007172907/http://www.nga.gov/cgi-bin/tsearch?artistid=3249
"Vade, Jean-Joseph",French,1720 - 1757,https://web.archive.org/web/20121007172907/http://www.nga.gov/cgi-bin/tsearch?artistid=7082
"Vaenius, Otto van",Flemish,1556 - 1629,https://web.archive.org/web/20121007172907/http://www.nga.gov/cgi-bin/tsearch?artistid=6260
"Vaga, Perino del",Italian,1501 - 1547,https://web.archive.org/web/20121007172907/http://www.nga.gov/cgi-bin/tsearch?artistid=1777
"Vail, Eugene Lawrence",American,1857 - 1934,https://web.archive.org/web/20121007172907/http://www.nga.gov/cgi-bin/tsearch?artistid=1945
"Vail, James",American,active c. 1935,https://web.archive.org/web/20121007172907/http://www.nga.gov/cgi-bin/tsearch?artistid=8155
"Vaillant, Bernard",Flemish,1632 - 1698,https://web.archive.org/web/20121007172907/http://www.nga.gov/cgi-bin/tsearch?artistid=3250
"Vaillant, Wallerant",Flemish,1623 - 1677,https://web.archive.org/web/20121007172907/http://www.nga.gov/cgi-bin/tsearch?artistid=3251
"Valadier, Giuseppe",Italian,1762 - 1839,https://web.archive.org/web/20121007172907/http://www.nga.gov/cgi-bin/tsearch?artistid=11589
"Valadon, Jules Emmanuel",French,1826 - 1900,https://web.archive.org/web/20121007172907/http://www.nga.gov/cgi-bin/tsearch?artistid=21950
"Valadon, Marie Clementine",French,1865 - 1938,https://web.archive.org/web/20121007172907/http://www.nga.gov/cgi-bin/tsearch?artistid=3252
"Valadon, Suzanne",French,1865 - 1938,https://web.archive.org/web/20121007172907/http://www.nga.gov/cgi-bin/tsearch?artistid=3252
"Valck, Gerard",Dutch,1651/1652 - 1726,https://web.archive.org/web/20121007172907/http://www.nga.gov/cgi-bin/tsearch?artistid=3253
"Valdenuit, Thomas Bluget de",French,1763 - 1846,https://web.archive.org/web/20121007172907/http://www.nga.gov/cgi-bin/tsearch?artistid=27392
"Valdés, Lucas de",Spanish,1661 - 1724,https://web.archive.org/web/20121007172907/http://www.nga.gov/cgi-bin/tsearch?artistid=12113
"Valdés Leal, Juan de",Spanish,1622 - 1690,https://web.archive.org/web/20121007172907/http://www.nga.gov/cgi-bin/tsearch?artistid=1946
"Valdés Niza Leal, Juan de",Spanish,1622 - 1690,https://web.archive.org/web/20121007172907/http://www.nga.gov/cgi-bin/tsearch?artistid=1946
"Valdor, Johannes",Flemish,c. 1580 - c. 1640,https://web.archive.org/web/20121007172907/http://www.nga.gov/cgi-bin/tsearch?artistid=5960
"Valenciennes, Pierre-Henri de",French,1750 - 1819,https://web.archive.org/web/20121007172907/http://www.nga.gov/cgi-bin/tsearch?artistid=13593
"Valentin, Curt",American,born Germany,https://web.archive.org/web/20121007172907/http://www.nga.gov/cgi-bin/tsearch?artistid=33008
Valentin de Boulogne,French,c. 1591 - 1632,https://web.archive.org/web/20121007172907/http://www.nga.gov/cgi-bin/tsearch?artistid=19114
"Wach, Aloys",Austrian,1892 - 1940,https://web.archive.org/web/20121007173001/http://www.nga.gov/cgi-bin/tsearch?artistid=3332
"Wachlmayr, Aloys",Austrian,1892 - 1940,https://web.archive.org/web/20121007173001/http://www.nga.gov/cgi-bin/tsearch?artistid=3332
"Wachsmann, Anton",German,c. 1765 - c. 1836,https://web.archive.org/web/20121007173001/http://www.nga.gov/cgi-bin/tsearch?artistid=5623
"Wachsmuth, Jeremias",German,1711 - 1771,https://web.archive.org/web/20121007173001/http://www.nga.gov/cgi-bin/tsearch?artistid=22046
"Wachter, Jorg",German,c. 1526 - 1586,https://web.archive.org/web/20121007173001/http://www.nga.gov/cgi-bin/tsearch?artistid=3371
"Wachtle I, Hans",German,1480/1485 - 1526 or after,https://web.archive.org/web/20121007173001/http://www.nga.gov/cgi-bin/tsearch?artistid=2801
"Wacquez, Adolphe André",French,1814 - 1865 or after,https://web.archive.org/web/20121007173001/http://www.nga.gov/cgi-bin/tsearch?artistid=3333
"Waddell, Harry Mann",American,active c. 1935,https://web.archive.org/web/20121007173001/http://www.nga.gov/cgi-bin/tsearch?artistid=8173
"Wade, Elizabeth Flint",NA,NA,https://web.archive.org/web/20121007173001/http://www.nga.gov/cgi-bin/tsearch?artistid=30068
"Waechter, Georg Christian",German,1729 - 1789,https://web.archive.org/web/20121007173001/http://www.nga.gov/cgi-bin/tsearch?artistid=27288
"Wael, Jan Baptist de",Flemish,1632 - after 1669,https://web.archive.org/web/20121007173001/http://www.nga.gov/cgi-bin/tsearch?artistid=24035
"Wagenbauer, Max Joseph",German,1774 - 1829,https://web.archive.org/web/20121007173001/http://www.nga.gov/cgi-bin/tsearch?artistid=3334
Wagguno,,active 1858,https://web.archive.org/web/20121007173001/http://www.nga.gov/cgi-bin/tsearch?artistid=1962
Hans Heinrich Wägmann,Swiss,1557 - 1628,https://web.archive.org/web/20121007173001/http://www.nga.gov/cgi-bin/tsearch?artistid=34456
"Wagner, Carl",German,1796 - 1867,https://web.archive.org/web/20121007173001/http://www.nga.gov/cgi-bin/tsearch?artistid=14245
"Wagner, Giuseppe",German,1706 - 1780,https://web.archive.org/web/20121007173001/http://www.nga.gov/cgi-bin/tsearch?artistid=3335
"Wagner, Johann Christoph",German,active 1684/1685,https://web.archive.org/web/20121007173001/http://www.nga.gov/cgi-bin/tsearch?artistid=11594
"Wagner, Johann Michael",German,,https://web.archive.org/web/20121007173001/http://www.nga.gov/cgi-bin/tsearch?artistid=34755
"Wagner, Joseph",German,1706 - 1780,https://web.archive.org/web/20121007173001/http://www.nga.gov/cgi-bin/tsearch?artistid=3335
"Wagner, Karl Ernest Ludwig",German,1796 - 1867,https://web.archive.org/web/20121007173001/http://www.nga.gov/cgi-bin/tsearch?artistid=14245
"Wagner, Morgan",American,1917 - 1950,https://web.archive.org/web/20121007173001/http://www.nga.gov/cgi-bin/tsearch?artistid=35142
"Wagner, Stephanie",active second half 20th century,,https://web.archive.org/web/20121007173001/http://www.nga.gov/cgi-bin/tsearch?artistid=25881
"Wagner, Théo",French,active late 19th century,https://web.archive.org/web/20121007173001/http://www.nga.gov/cgi-bin/tsearch?artistid=27271
"Wagner, Théophile Pierre",French,active late 19th century,https://web.archive.org/web/20121007173001/http://www.nga.gov/cgi-bin/tsearch?artistid=27271
"Wahl, Theodore",American,1903 - 1990,https://web.archive.org/web/20121007173001/http://www.nga.gov/cgi-bin/tsearch?artistid=34111
"Wakita, Kazu",Japanese,born 1908,https://web.archive.org/web/20121007173001/http://www.nga.gov/cgi-bin/tsearch?artistid=3355
"Wakkerdak, Pieter Anthony",Dutch,1729 - 1774,https://web.archive.org/web/20121007173001/http://www.nga.gov/cgi-bin/tsearch?artistid=6556
"Wakoski, Diane",American,born 1937,https://web.archive.org/web/20121007173001/http://www.nga.gov/cgi-bin/tsearch?artistid=10589
"Xanto, fra",Italian,active 1530/1542,https://web.archive.org/web/20121007173059/http://www.nga.gov/cgi-bin/tsearch?artistid=2336
"Xanto Avelli, Francesco",Italian,active 1530/1542,https://web.archive.org/web/20121007173059/http://www.nga.gov/cgi-bin/tsearch?artistid=2336
"Xceron, Jean",American,1890 - 1967,https://web.archive.org/web/20121007173059/http://www.nga.gov/cgi-bin/tsearch?artistid=22354
"Yacobson, Alexandra Nikolaevna",Russian,born 1903,https://web.archive.org/web/20121007173010/http://www.nga.gov/cgi-bin/tsearch?artistid=3437
"Yakushin, Anatolii Borisovich",Russian,born 1944,https://web.archive.org/web/20121007173010/http://www.nga.gov/cgi-bin/tsearch?artistid=3438
"Yamaguchi, Gen",Japanese,born 1903,https://web.archive.org/web/20121007173010/http://www.nga.gov/cgi-bin/tsearch?artistid=3439
"Yamamoto, Thomas",American,1917 - 2004,https://web.archive.org/web/20121007173010/http://www.nga.gov/cgi-bin/tsearch?artistid=34200
"Yamamoto, Tom",American,1917 - 2004,https://web.archive.org/web/20121007173010/http://www.nga.gov/cgi-bin/tsearch?artistid=34200
"Yancey, Baye M.",American,1935 - 1942,https://web.archive.org/web/20121007173010/http://www.nga.gov/cgi-bin/tsearch?artistid=11577
"Yáñez de la Almedina, Fernando",Spanish,active 1505/1531,https://web.archive.org/web/20121007173010/http://www.nga.gov/cgi-bin/tsearch?artistid=6627
"Yanosko, George",American,active c. 1935,https://web.archive.org/web/20121007173010/http://www.nga.gov/cgi-bin/tsearch?artistid=8227
"Yates, Mrs.",British (?),probably active 18th century,https://web.archive.org/web/20121007173010/http://www.nga.gov/cgi-bin/tsearch?artistid=3440
"Yau, John",American,born 1950,https://web.archive.org/web/20121007173010/http://www.nga.gov/cgi-bin/tsearch?artistid=25001
"Yavno, Max",American,1911 - 1985,https://web.archive.org/web/20121007173010/http://www.nga.gov/cgi-bin/tsearch?artistid=17842
"Ycaza, Ana Rosa de",American,born 1915,https://web.archive.org/web/20121007173010/http://www.nga.gov/cgi-bin/tsearch?artistid=35389
"Yeates, George",English,active second half 17th century,https://web.archive.org/web/20121007173010/http://www.nga.gov/cgi-bin/tsearch?artistid=6333
"Yeates, Nicholas",English,active 1680,https://web.archive.org/web/20121007173010/http://www.nga.gov/cgi-bin/tsearch?artistid=6334
"Yeckley, N.H.",American,active c. 1935,https://web.archive.org/web/20121007173010/http://www.nga.gov/cgi-bin/tsearch?artistid=8228
"Yencesse, Ovide",French,1869 - 1947,https://web.archive.org/web/20121007173010/http://www.nga.gov/cgi-bin/tsearch?artistid=28153
"Yeo, Richard",British,c. 1710 - 1779,https://web.archive.org/web/20121007173010/http://www.nga.gov/cgi-bin/tsearch?artistid=23141
"Yersin, Albert Edgar",Swiss,1905 - 1984,https://web.archive.org/web/20121007173010/http://www.nga.gov/cgi-bin/tsearch?artistid=3441
"Yewell, J. Floyd",American,1885 - 1963,https://web.archive.org/web/20121007173010/http://www.nga.gov/cgi-bin/tsearch?artistid=34153
"Yochim, Maurice",American,1908 - 1986,https://web.archive.org/web/20121007173010/http://www.nga.gov/cgi-bin/tsearch?artistid=34278
"Yoder, Andy",American,born 1954,https://web.archive.org/web/20121007173010/http://www.nga.gov/cgi-bin/tsearch?artistid=27224
"York, Emily",American,active 21st century,https://web.archive.org/web/20121007173010/http://www.nga.gov/cgi-bin/tsearch?artistid=30908
"Yoshida, Chizuko",Japanese,born 1924,https://web.archive.org/web/20121007173010/http://www.nga.gov/cgi-bin/tsearch?artistid=3442
"Yoshida, Hodaka",Japanese,born 1926,https://web.archive.org/web/20121007173010/http://www.nga.gov/cgi-bin/tsearch?artistid=3443
"Yoshida, Masaji",Japanese,born 1917,https://web.archive.org/web/20121007173010/http://www.nga.gov/cgi-bin/tsearch?artistid=3444
"Yoshida, Toshi",Japanese,born 1911,https://web.archive.org/web/20121007173010/http://www.nga.gov/cgi-bin/tsearch?artistid=3445
"Yoshinaga, Yutaka",Japanese,born 1948,https://web.archive.org/web/20121007173010/http://www.nga.gov/cgi-bin/tsearch?artistid=26325
"Young, Alfred",American,active 20th century,https://web.archive.org/web/20121007173010/http://www.nga.gov/cgi-bin/tsearch?artistid=5845
"Zabaglia, Niccola",Italian,1664 - 1750,https://web.archive.org/web/20121007172955/https://www.nga.gov/cgi-bin/tsearch?artistid=11630
"Zaccone, Fabian",American,1910 - 1992,https://web.archive.org/web/20121007172955/https://www.nga.gov/cgi-bin/tsearch?artistid=34202
"Zadkine, Ossip",French,1890 - 1967,https://web.archive.org/web/20121007172955/https://www.nga.gov/cgi-bin/tsearch?artistid=3475
"Zaech, Bernhard",German,active c. 1650,https://web.archive.org/web/20121007172955/https://www.nga.gov/cgi-bin/tsearch?artistid=25135
"Zagar, Jacob",Flemish,c. 1530 - after 1580,https://web.archive.org/web/20121007172955/https://www.nga.gov/cgi-bin/tsearch?artistid=2298
"Zagroba, Idalia",Polish,born 1967,https://web.archive.org/web/20121007172955/https://www.nga.gov/cgi-bin/tsearch?artistid=23988
"Zaidenberg, A.",American,active c. 1935,https://web.archive.org/web/20121007172955/https://www.nga.gov/cgi-bin/tsearch?artistid=8232
"Zaidenberg, Arthur",American,1903 - 1990,https://web.archive.org/web/20121007172955/https://www.nga.gov/cgi-bin/tsearch?artistid=34154
"Zaisinger, Matthäus",German,active c. 1500,https://web.archive.org/web/20121007172955/https://www.nga.gov/cgi-bin/tsearch?artistid=4910
"Zajac, Jack",American,born 1929,https://web.archive.org/web/20121007172955/https://www.nga.gov/cgi-bin/tsearch?artistid=3450
"Zak, Eugène",Polish,1884 - 1926,https://web.archive.org/web/20121007172955/https://www.nga.gov/cgi-bin/tsearch?artistid=1986
"Zakharov, Gurii Fillipovich",Russian,born 1926,https://web.archive.org/web/20121007172955/https://www.nga.gov/cgi-bin/tsearch?artistid=3451
"Zakowortny, Igor",NA,NA,https://web.archive.org/web/20121007172955/https://www.nga.gov/cgi-bin/tsearch?artistid=20099
"Zalce, Alfredo",Mexican,born 1908,https://web.archive.org/web/20121007172955/https://www.nga.gov/cgi-bin/tsearch?artistid=3452
"Zalopany, Michele",American,born 1955,https://web.archive.org/web/20121007172955/https://www.nga.gov/cgi-bin/tsearch?artistid=34309
"Zammiello, Craig",NA,NA,https://web.archive.org/web/20121007172955/https://www.nga.gov/cgi-bin/tsearch?artistid=27191
"Zammitt, Norman",American,born 1931,https://web.archive.org/web/20121007172955/https://www.nga.gov/cgi-bin/tsearch?artistid=5846
"Zampieri, Domenico",Italian,1581 - 1641,https://web.archive.org/web/20121007172955/https://www.nga.gov/cgi-bin/tsearch?artistid=3941
"Zampieri, called Domenichino, Domenico",Italian,1581 - 1641,https://web.archive.org/web/20121007172955/https://www.nga.gov/cgi-bin/tsearch?artistid=3941
"Zanartú, Enrique Antunez",Chilean,born 1921,https://web.archive.org/web/20121007172955/https://www.nga.gov/cgi-bin/tsearch?artistid=3453
"Zanchi, Antonio",Italian,1631 - 1722,https://web.archive.org/web/20121007172955/https://www.nga.gov/cgi-bin/tsearch?artistid=35173
"Zanetti, Anton Maria",Italian,1679/1680 - 1767,https://web.archive.org/web/20121007172955/https://www.nga.gov/cgi-bin/tsearch?artistid=11133
"Zanetti Borzino, Leopoldina",Italian,1826 - 1902,https://web.archive.org/web/20121007172955/https://www.nga.gov/cgi-bin/tsearch?artistid=3455
"Zanetti I, Antonio Maria, conte",Italian,1680 - 1757,https://web.archive.org/web/20121007172955/https://www.nga.gov/cgi-bin/tsearch?artistid=3454
"Zanguidi, Jacopo",Italian,1544 - 1573/1574,https://web.archive.org/web/20121007172955/https://www.nga.gov/cgi-bin/tsearch?artistid=961
"Zanini, Giuseppe",Italian,c. 1599 - 1631,https://web.archive.org/web/20121007172955/https://www.nga.gov/cgi-bin/tsearch?artistid=11597
"Zanini-Viola, Giuseppe",Italian,c. 1599 - 1631,https://web.archive.org/web/20121007172955/https://www.nga.gov/cgi-bin/tsearch?artistid=11597
"Zanotti, Giampietro",Italian,1674 - 1765,https://web.archive.org/web/20121007172955/https://www.nga.gov/cgi-bin/tsearch?artistid=11631
